Log Number,Ozone,Cell Temp,Cell Pressure,Flow Rate,PDV,Date,Time
1,125.6,30.7,805.6,985,1.3847,15/06/18,11:19:18
2,327.9,31.7,806.3,985,1.3848,15/06/18,11:19:20
3,368.7,31.7,806.3,985,1.3848,15/06/18,11:19:22
4,328.6,31.6,805.3,1009,1.3849,15/06/18,11:19:24
5,328.8,31.6,805.3,1009,1.3849,15/06/18,11:19:26
6,328.9,31.7,805.5,1009,1.385,15/06/18,11:19:28
7,328.9,31.7,805.5,1009,1.385,15/06/18,11:19:30
8,328.9,31.6,806.7,1014,1.385,15/06/18,11:19:32
9,329,31.6,806.7,1014,1.3851,15/06/18,11:19:34
10,329.5,31.6,805,991,1.3851,15/06/18,11:19:36
11,208.3,31.6,805,991,1.3852,15/06/18,11:19:38
12,6,31.6,805.6,1009,1.3852,15/06/18,11:19:40
13,-34.5,31.6,805.6,1009,1.3853,15/06/18,11:19:42
14,6,31.6,806.6,991,1.3853,15/06/18,11:19:44
15,6.3,31.6,806.6,991,1.3853,15/06/18,11:19:46
16,6.5,31.6,804.8,1004,1.3853,15/06/18,11:19:48
17,7,31.6,804.8,1004,1.3854,15/06/18,11:19:50
18,8,31.6,806.2,958,1.3854,15/06/18,11:19:52
19,8.7,31.6,806.2,958,1.3855,15/06/18,11:19:54
20,8.7,31.6,806.7,989,1.3855,15/06/18,11:19:56
21,8.8,31.6,806.7,989,1.3856,15/06/18,11:19:58
22,9.5,31.7,804.5,991,1.3855,15/06/18,11:20:00
23,10.4,31.7,804.5,991,1.3856,15/06/18,11:20:02
24,11.1,31.7,806.1,985,1.3856,15/06/18,11:20:04
25,11.8,31.7,806.1,985,1.3857,15/06/18,11:20:06
26,12.2,31.6,806.6,1009,1.3857,15/06/18,11:20:08
27,12.3,31.6,806.6,1009,1.3858,15/06/18,11:20:10
28,12.4,31.6,804.5,983,1.3857,15/06/18,11:20:12
29,12.7,31.6,804.5,983,1.3858,15/06/18,11:20:14
30,13.3,31.6,806.2,985,1.3858,15/06/18,11:20:16
31,13.8,31.6,806.2,985,1.3859,15/06/18,11:20:18
32,14,31.6,806.6,1015,1.3858,15/06/18,11:20:20
33,14.4,31.6,806.6,1015,1.386,15/06/18,11:20:22
34,15.1,31.6,804.8,986,1.3859,15/06/18,11:20:24
35,15.5,31.6,804.8,986,1.386,15/06/18,11:20:26
36,16,31.7,806.6,986,1.386,15/06/18,11:20:28
37,16.5,31.7,806.6,986,1.3861,15/06/18,11:20:30
38,16.7,31.7,806.2,1015,1.386,15/06/18,11:20:32
39,16.7,31.7,806.2,1015,1.3861,15/06/18,11:20:34
40,16.9,31.7,804.6,991,1.3861,15/06/18,11:20:36
41,17.2,31.7,804.6,991,1.3862,15/06/18,11:20:38
42,17.4,31.6,806.4,973,1.3861,15/06/18,11:20:40
43,17.4,31.6,806.4,973,1.3862,15/06/18,11:20:42
44,17.2,31.7,806.8,996,1.3862,15/06/18,11:20:44
45,17,31.7,806.8,996,1.3863,15/06/18,11:20:46
46,16.8,31.7,805,988,1.3862,15/06/18,11:20:48
47,17,31.7,805,988,1.3863,15/06/18,11:20:50
48,17.6,31.7,805.3,979,1.3863,15/06/18,11:20:52
49,18.2,31.7,805.3,979,1.3864,15/06/18,11:20:54
50,18.4,31.6,806.8,993,1.3863,15/06/18,11:20:56
51,18.6,31.6,806.8,993,1.3864,15/06/18,11:20:58
52,18.9,31.7,806.3,978,1.3863,15/06/18,11:21:00
53,19.2,31.7,806.3,978,1.3865,15/06/18,11:21:02
54,19.7,31.7,804.4,987,1.3864,15/06/18,11:21:04
55,20.4,31.7,804.4,987,1.3865,15/06/18,11:21:06
56,21.1,31.7,805.9,1004,1.3864,15/06/18,11:21:08
57,21.4,31.7,805.9,1004,1.3865,15/06/18,11:21:10
58,21.5,31.6,806.7,981,1.3864,15/06/18,11:21:12
59,21.5,31.6,806.7,981,1.3866,15/06/18,11:21:14
60,21.6,31.7,805.3,990,1.3865,15/06/18,11:21:16
61,21.8,31.7,805.3,990,1.3866,15/06/18,11:21:18
62,22.3,31.7,804.5,1004,1.3865,15/06/18,11:21:20
63,22.8,31.7,804.5,1004,1.3866,15/06/18,11:21:22
64,22.8,31.6,806.5,964,1.3866,15/06/18,11:21:24
65,22.3,31.6,806.5,964,1.3866,15/06/18,11:21:26
66,21.7,31.7,806.4,979,1.3866,15/06/18,11:21:28
67,21.3,31.7,806.4,979,1.3867,15/06/18,11:21:30
68,21.3,31.7,804.6,977,1.3866,15/06/18,11:21:32
69,21.3,31.7,804.6,977,1.3867,15/06/18,11:21:34
70,21.3,31.6,806.1,977,1.3866,15/06/18,11:21:36
71,21.4,31.6,806.1,977,1.3867,15/06/18,11:21:38
72,21,31.6,806.3,969,1.3867,15/06/18,11:21:40
73,20.3,31.6,806.3,969,1.3868,15/06/18,11:21:42
74,20.2,31.7,806.4,973,1.3867,15/06/18,11:21:44
75,20.8,31.7,806.4,973,1.3868,15/06/18,11:21:46
76,21.6,31.7,804.9,996,1.3867,15/06/18,11:21:48
77,22,31.7,804.9,996,1.3868,15/06/18,11:21:50
78,22.5,31.7,804.4,998,1.3867,15/06/18,11:21:52
79,23.1,31.7,804.4,998,1.3868,15/06/18,11:21:54
80,23.7,31.6,806.3,951,1.3867,15/06/18,11:21:56
81,23.6,31.6,806.3,951,1.3868,15/06/18,11:21:58
82,23.2,31.7,806.2,975,1.3868,15/06/18,11:22:00
83,23.3,31.7,806.2,975,1.3869,15/06/18,11:22:02
84,23.6,31.7,804.7,1013,1.3868,15/06/18,11:22:04
85,23.7,31.7,804.7,1013,1.3869,15/06/18,11:22:06
86,23.7,31.7,804.6,964,1.3868,15/06/18,11:22:08
87,23.8,31.7,804.6,964,1.3869,15/06/18,11:22:10
88,23.7,31.7,806.7,975,1.3868,15/06/18,11:22:12
89,23.8,31.7,806.7,975,1.3869,15/06/18,11:22:14
90,23.9,31.7,806,987,1.3868,15/06/18,11:22:16
91,24.4,31.7,806,987,1.3869,15/06/18,11:22:18
92,25.2,31.7,804.3,983,1.3868,15/06/18,11:22:20
93,25.4,31.7,804.3,983,1.3869,15/06/18,11:22:22
94,25.1,31.6,805.9,960,1.3868,15/06/18,11:22:24
95,25,31.6,805.9,960,1.3869,15/06/18,11:22:26
96,25,31.7,806.5,962,1.3869,15/06/18,11:22:28
97,24.9,31.7,806.5,962,1.387,15/06/18,11:22:30
98,24.6,31.7,805.6,977,1.3869,15/06/18,11:22:32
99,24.2,31.7,805.6,977,1.387,15/06/18,11:22:34
100,23.8,31.7,805.1,981,1.3869,15/06/18,11:22:36
101,23.6,31.7,805.1,981,1.387,15/06/18,11:22:38
102,23.6,31.6,806.8,953,1.3869,15/06/18,11:22:40
103,23.8,31.6,806.8,953,1.387,15/06/18,11:22:42
104,24,31.7,806.5,964,1.3869,15/06/18,11:22:44
105,23.8,31.7,806.5,964,1.387,15/06/18,11:22:46
106,23.3,31.7,804.9,981,1.3869,15/06/18,11:22:48
107,22.9,31.7,804.9,981,1.387,15/06/18,11:22:50
108,23,31.7,805.3,997,1.3869,15/06/18,11:22:52
109,23.2,31.7,805.3,997,1.387,15/06/18,11:22:54
110,23.4,31.6,806.6,963,1.3869,15/06/18,11:22:56
111,23.3,31.6,806.6,963,1.387,15/06/18,11:22:58
112,23.2,31.7,806.5,973,1.3869,15/06/18,11:23:00
113,23.5,31.7,806.5,973,1.387,15/06/18,11:23:02
114,23.9,31.7,805,998,1.3869,15/06/18,11:23:04
115,24,31.7,805,998,1.387,15/06/18,11:23:06
116,24.3,31.7,805.1,971,1.3869,15/06/18,11:23:08
117,24.7,31.7,805.1,971,1.387,15/06/18,11:23:10
118,24.9,31.6,806.7,953,1.3869,15/06/18,11:23:12
119,25,31.6,806.7,953,1.387,15/06/18,11:23:14
120,25.3,31.7,806.5,978,1.3869,15/06/18,11:23:16
121,25.8,31.7,806.5,978,1.387,15/06/18,11:23:18
122,25.9,31.7,805.1,995,1.3869,15/06/18,11:23:20
123,25.5,31.7,805.1,995,1.387,15/06/18,11:23:22
124,25.4,31.7,804.3,988,1.3869,15/06/18,11:23:24
125,25.5,31.7,804.3,988,1.387,15/06/18,11:23:26
126,25.6,31.7,806,959,1.3869,15/06/18,11:23:28
127,25.8,31.7,806,959,1.387,15/06/18,11:23:30
128,25.8,31.7,806.8,965,1.3869,15/06/18,11:23:32
129,25.5,31.7,806.8,965,1.387,15/06/18,11:23:34
130,24.9,31.7,806.4,991,1.3869,15/06/18,11:23:36
131,24,31.7,806.4,991,1.387,15/06/18,11:23:38
132,23.4,31.7,804.5,968,1.3869,15/06/18,11:23:40
133,23.3,31.7,804.5,968,1.387,15/06/18,11:23:42
134,23.2,31.6,805.3,958,1.3869,15/06/18,11:23:44
135,23.4,31.6,805.3,958,1.387,15/06/18,11:23:46
136,23.8,31.7,806.2,959,1.3869,15/06/18,11:23:48
137,24.1,31.7,806.2,959,1.387,15/06/18,11:23:50
138,24.3,31.7,806.2,974,1.3869,15/06/18,11:23:52
139,24.6,31.7,806.2,974,1.387,15/06/18,11:23:54
140,25,31.7,805.6,973,1.3869,15/06/18,11:23:56
141,25.5,31.7,805.6,973,1.387,15/06/18,11:23:58
142,26.2,31.7,804.8,974,1.3868,15/06/18,11:24:00
143,26.9,31.7,804.8,974,1.387,15/06/18,11:24:02
144,27.1,31.7,804.5,974,1.3869,15/06/18,11:24:04
145,26.8,31.7,804.5,974,1.387,15/06/18,11:24:06
146,26.5,31.6,805.8,969,1.3868,15/06/18,11:24:08
147,26.2,31.6,805.8,969,1.3869,15/06/18,11:24:10
148,26,31.6,806.6,985,1.3868,15/06/18,11:24:12
149,26.1,31.6,806.6,985,1.3869,15/06/18,11:24:14
150,26.5,31.7,806.2,965,1.3868,15/06/18,11:24:16
151,26.7,31.7,806.2,965,1.3869,15/06/18,11:24:18
152,26.4,31.7,805,985,1.3868,15/06/18,11:24:20
153,26,31.7,805,985,1.3869,15/06/18,11:24:22
154,25.7,31.7,804,998,1.3868,15/06/18,11:24:24
155,25.7,31.7,804,998,1.3869,15/06/18,11:24:26
156,25.9,31.7,804.3,984,1.3868,15/06/18,11:24:28
157,25.9,31.7,804.3,984,1.3869,15/06/18,11:24:30
158,25.8,31.7,805.9,984,1.3868,15/06/18,11:24:32
159,25.3,31.7,805.9,984,1.3869,15/06/18,11:24:34
160,24.8,31.7,806.7,989,1.3868,15/06/18,11:24:36
161,24.9,31.7,806.7,989,1.3869,15/06/18,11:24:38
162,25.1,31.7,806.2,969,1.3868,15/06/18,11:24:40
163,24.9,31.7,806.2,969,1.3869,15/06/18,11:24:42
164,24.9,31.7,804.7,989,1.3867,15/06/18,11:24:44
165,25,31.7,804.7,989,1.3868,15/06/18,11:24:46
166,25,31.7,804.2,989,1.3867,15/06/18,11:24:48
167,25.1,31.7,804.2,989,1.3868,15/06/18,11:24:50
168,25.3,31.6,805.1,973,1.3867,15/06/18,11:24:52
169,25.3,31.6,805.1,973,1.3868,15/06/18,11:24:54
170,24.9,31.6,806,965,1.3867,15/06/18,11:24:56
171,24.2,31.6,806,965,1.3868,15/06/18,11:24:58
172,24.1,31.7,806.6,970,1.3867,15/06/18,11:25:00
173,24.5,31.7,806.6,970,1.3868,15/06/18,11:25:02
174,24.6,31.7,806.6,955,1.3867,15/06/18,11:25:04
175,24.7,31.7,806.6,955,1.3868,15/06/18,11:25:06
176,24.7,31.7,804.8,973,1.3867,15/06/18,11:25:08
177,24.3,31.7,804.8,973,1.3867,15/06/18,11:25:10
178,23.7,31.7,804.4,982,1.3866,15/06/18,11:25:12
179,23.9,31.7,804.4,982,1.3868,15/06/18,11:25:14
180,24.6,31.7,804.4,983,1.3866,15/06/18,11:25:16
181,24.9,31.7,804.4,983,1.3867,15/06/18,11:25:18
182,24.5,31.6,805.3,983,1.3866,15/06/18,11:25:20
183,24.2,31.6,805.3,983,1.3867,15/06/18,11:25:22
184,24.4,31.6,806.2,949,1.3866,15/06/18,11:25:24
185,24.7,31.6,806.2,949,1.3867,15/06/18,11:25:26
186,24.9,31.7,806.7,960,1.3866,15/06/18,11:25:28
187,25.3,31.7,806.7,960,1.3867,15/06/18,11:25:30
188,26,31.7,806.4,973,1.3865,15/06/18,11:25:32
189,26.5,31.7,806.4,973,1.3867,15/06/18,11:25:34
190,26.5,31.7,806,994,1.3865,15/06/18,11:25:36
191,27,31.7,806,994,1.3866,15/06/18,11:25:38
192,27.8,31.7,805.3,994,1.3865,15/06/18,11:25:40
193,28.5,31.7,805.3,994,1.3866,15/06/18,11:25:42
194,28.7,31.7,804.7,1001,1.3865,15/06/18,11:25:44
195,28.6,31.7,804.7,1001,1.3866,15/06/18,11:25:46
196,28.5,31.7,805.9,980,1.3865,15/06/18,11:25:48
197,28.8,31.7,805.9,980,1.3866,15/06/18,11:25:50
198,29.2,31.6,806.1,962,1.3865,15/06/18,11:25:52
199,29.2,31.6,806.1,962,1.3866,15/06/18,11:25:54
200,29.1,31.7,806.6,969,1.3864,15/06/18,11:25:56
201,29.1,31.7,806.6,969,1.3866,15/06/18,11:25:58
202,29,31.7,806.5,991,1.3864,15/06/18,11:26:00
203,28.6,31.7,806.5,991,1.3865,15/06/18,11:26:02
204,27.9,31.7,806.5,991,1.3864,15/06/18,11:26:04
205,27.6,31.7,806.5,991,1.3865,15/06/18,11:26:06
206,27.9,31.7,805.9,1017,1.3864,15/06/18,11:26:08
207,27.9,31.7,805.9,1017,1.3865,15/06/18,11:26:10
208,27.3,31.7,804.8,994,1.3864,15/06/18,11:26:12
209,26.9,31.7,804.8,994,1.3865,15/06/18,11:26:14
210,26.8,31.7,804.4,1010,1.3863,15/06/18,11:26:16
211,26.8,31.7,804.4,1010,1.3865,15/06/18,11:26:18
212,26.8,31.6,805.2,979,1.3863,15/06/18,11:26:20
213,27.2,31.6,805.2,979,1.3864,15/06/18,11:26:22
214,27.8,31.6,805.8,971,1.3863,15/06/18,11:26:24
215,28.3,31.6,805.8,971,1.3864,15/06/18,11:26:26
216,28,31.6,806.5,986,1.3863,15/06/18,11:26:28
217,27.8,31.6,806.5,986,1.3864,15/06/18,11:26:30
218,28.1,31.7,806.1,1002,1.3862,15/06/18,11:26:32
219,28.6,31.7,806.1,1002,1.3864,15/06/18,11:26:34
220,28.7,31.7,804.7,1009,1.3862,15/06/18,11:26:36
221,28.6,31.7,804.7,1009,1.3863,15/06/18,11:26:38
222,28.2,31.7,804.5,1000,1.3862,15/06/18,11:26:40
223,27.5,31.7,804.5,1000,1.3863,15/06/18,11:26:42
224,27.2,31.6,806.1,980,1.3862,15/06/18,11:26:44
225,27.3,31.6,806.1,980,1.3863,15/06/18,11:26:46
226,27.4,31.7,806.3,990,1.3862,15/06/18,11:26:48
227,27.6,31.7,806.3,990,1.3863,15/06/18,11:26:50
228,27.6,31.7,805.8,970,1.3861,15/06/18,11:26:52
229,27.6,31.7,805.8,970,1.3863,15/06/18,11:26:54
230,27.7,31.7,804.4,970,1.3861,15/06/18,11:26:56
231,28.2,31.7,804.4,970,1.3862,15/06/18,11:26:58
232,28.5,31.6,805.8,971,1.3861,15/06/18,11:27:00
233,28.4,31.6,805.8,971,1.3862,15/06/18,11:27:02
234,27.9,31.6,806.6,977,1.3861,15/06/18,11:27:04
235,27.6,31.6,806.6,977,1.3862,15/06/18,11:27:06
236,27.7,31.7,806.3,987,1.3861,15/06/18,11:27:08
237,27.6,31.7,806.3,987,1.3862,15/06/18,11:27:10
238,27.2,31.7,805.5,981,1.386,15/06/18,11:27:12
239,27.1,31.7,805.5,981,1.3862,15/06/18,11:27:14
240,27.3,31.7,804.3,984,1.386,15/06/18,11:27:16
241,27.4,31.7,804.3,984,1.3861,15/06/18,11:27:18
242,27.4,31.7,804.4,981,1.386,15/06/18,11:27:20
243,28.1,31.7,804.4,981,1.3861,15/06/18,11:27:22
244,29.2,31.6,805.4,985,1.3859,15/06/18,11:27:24
245,30,31.6,805.4,985,1.3861,15/06/18,11:27:26
246,30.4,31.6,806.3,988,1.3859,15/06/18,11:27:28
247,30.7,31.6,806.3,988,1.3861,15/06/18,11:27:30
248,31.2,31.7,806.7,967,1.3859,15/06/18,11:27:32
249,31.4,31.7,806.7,967,1.386,15/06/18,11:27:34
250,31.4,31.7,806.2,984,1.3859,15/06/18,11:27:36
251,31.9,31.7,806.2,984,1.386,15/06/18,11:27:38
252,32.5,31.7,805,1001,1.3859,15/06/18,11:27:40
253,32.7,31.7,805,1001,1.386,15/06/18,11:27:42
254,32.7,31.7,804.4,990,1.3858,15/06/18,11:27:44
255,32.5,31.7,804.4,990,1.386,15/06/18,11:27:46
256,32.3,31.7,804,996,1.3858,15/06/18,11:27:48
257,32.1,31.7,804,996,1.3859,15/06/18,11:27:50
258,32.2,31.6,804.7,971,1.3858,15/06/18,11:27:52
259,32.3,31.6,804.7,971,1.3859,15/06/18,11:27:54
260,32,31.6,805.6,961,1.3858,15/06/18,11:27:56
261,31.2,31.6,805.6,961,1.3859,15/06/18,11:27:58
262,30.2,31.6,806.3,977,1.3858,15/06/18,11:28:00
263,29.7,31.6,806.3,977,1.3859,15/06/18,11:28:02
264,29.3,31.7,806.2,994,1.3857,15/06/18,11:28:04
265,29.1,31.7,806.2,994,1.3858,15/06/18,11:28:06
266,29,31.6,805.7,1012,1.3857,15/06/18,11:28:08
267,28.6,31.6,805.7,1012,1.3858,15/06/18,11:28:10
268,28,31.7,805.1,999,1.3857,15/06/18,11:28:12
269,28,31.7,805.1,999,1.3858,15/06/18,11:28:14
270,28.5,31.7,804.6,1013,1.3856,15/06/18,11:28:16
271,29.2,31.7,804.6,1013,1.3858,15/06/18,11:28:18
272,29.6,31.7,804.1,996,1.3856,15/06/18,11:28:20
273,30,31.7,804.1,996,1.3858,15/06/18,11:28:22
274,30.4,31.6,804.5,980,1.3856,15/06/18,11:28:24
275,30.5,31.6,804.5,980,1.3857,15/06/18,11:28:26
276,30.6,31.6,805.5,984,1.3856,15/06/18,11:28:28
277,31,31.6,805.5,984,1.3857,15/06/18,11:28:30
278,31.7,31.6,806,984,1.3855,15/06/18,11:28:32
279,32.2,31.6,806,984,1.3857,15/06/18,11:28:34
280,32.1,31.7,806.3,986,1.3855,15/06/18,11:28:36
281,31.8,31.7,806.3,986,1.3856,15/06/18,11:28:38
282,31.4,31.6,806.6,978,1.3855,15/06/18,11:28:40
283,30.7,31.6,806.6,978,1.3856,15/06/18,11:28:42
284,30.1,31.7,806.5,981,1.3855,15/06/18,11:28:44
285,29.9,31.7,806.5,981,1.3856,15/06/18,11:28:46
286,29.9,31.7,806.4,978,1.3855,15/06/18,11:28:48
287,29.8,31.7,806.4,978,1.3856,15/06/18,11:28:50
288,29.6,31.7,805.6,989,1.3854,15/06/18,11:28:52
289,29.2,31.7,805.6,989,1.3856,15/06/18,11:28:54
290,28.8,31.7,805.1,978,1.3854,15/06/18,11:28:56
291,28.4,31.7,805.1,978,1.3855,15/06/18,11:28:58
292,28.4,31.7,804.5,987,1.3854,15/06/18,11:29:00
293,29,31.7,804.5,987,1.3855,15/06/18,11:29:02
294,29.4,31.7,805.1,987,1.3854,15/06/18,11:29:04
295,29.3,31.7,805.1,987,1.3855,15/06/18,11:29:06
296,29.3,31.6,805.7,987,1.3853,15/06/18,11:29:08
297,29.3,31.6,805.7,987,1.3854,15/06/18,11:29:10
298,29.5,31.6,806.1,987,1.3853,15/06/18,11:29:12
299,29.6,31.6,806.1,987,1.3854,15/06/18,11:29:14
300,29.6,31.7,806.5,988,1.3853,15/06/18,11:29:16
301,29.8,31.7,806.5,988,1.3854,15/06/18,11:29:18
302,30.1,31.7,806.6,981,1.3852,15/06/18,11:29:20
303,30.4,31.7,806.6,981,1.3854,15/06/18,11:29:22
304,30.6,31.7,806.3,992,1.3852,15/06/18,11:29:24
305,30.5,31.7,806.3,992,1.3853,15/06/18,11:29:26
306,30.3,31.7,806.2,981,1.3852,15/06/18,11:29:28
307,30.2,31.7,806.2,981,1.3853,15/06/18,11:29:30
308,30.3,31.7,805.5,998,1.3852,15/06/18,11:29:32
309,30.2,31.7,805.5,998,1.3853,15/06/18,11:29:34
310,30.3,31.7,805.1,982,1.3851,15/06/18,11:29:36
311,30.6,31.7,805.1,982,1.3853,15/06/18,11:29:38
312,30.8,31.7,804.5,993,1.3851,15/06/18,11:29:40
313,30.6,31.7,804.5,993,1.3852,15/06/18,11:29:42
314,30.6,31.7,804.6,1009,1.3851,15/06/18,11:29:44
315,31.2,31.7,804.6,1009,1.3852,15/06/18,11:29:46
316,32,31.7,804.3,1009,1.3851,15/06/18,11:29:48
317,32.4,31.7,804.3,1009,1.3852,15/06/18,11:29:50
318,32.4,31.6,804.3,1009,1.385,15/06/18,11:29:52
319,32.3,31.6,804.3,1009,1.3851,15/06/18,11:29:54
320,31.9,31.6,804.3,1009,1.385,15/06/18,11:29:56
321,31.5,31.6,804.3,1009,1.3851,15/06/18,11:29:58
322,31.6,31.6,804.7,1009,1.385,15/06/18,11:30:00
323,31.9,31.6,804.7,1009,1.3851,15/06/18,11:30:02
324,32,31.6,805.1,993,1.3849,15/06/18,11:30:04
325,31.9,31.6,805.1,993,1.3851,15/06/18,11:30:06
326,31.7,31.6,806.3,978,1.3849,15/06/18,11:30:08
327,31.6,31.6,806.3,978,1.385,15/06/18,11:30:10
328,31.5,31.7,806.3,959,1.3849,15/06/18,11:30:12
329,31.8,31.7,806.3,959,1.385,15/06/18,11:30:14
330,32.4,31.7,806.6,950,1.3849,15/06/18,11:30:16
331,32.6,31.7,806.6,950,1.385,15/06/18,11:30:18
332,32.5,31.7,806.6,948,1.3848,15/06/18,11:30:20
333,32.6,31.7,806.6,948,1.385,15/06/18,11:30:22
334,32.8,31.6,806.5,953,1.3848,15/06/18,11:30:24
335,32.9,31.6,806.5,953,1.3849,15/06/18,11:30:26
336,32.8,31.6,806.7,948,1.3848,15/06/18,11:30:28
337,32.6,31.6,806.7,948,1.3849,15/06/18,11:30:30
338,33,31.6,806.6,953,1.3847,15/06/18,11:30:32
339,33.6,31.6,806.6,953,1.3849,15/06/18,11:30:34
340,33.9,31.7,806.4,969,1.3847,15/06/18,11:30:36
341,34.3,31.7,806.4,969,1.3848,15/06/18,11:30:38
342,34.7,31.6,806.3,985,1.3847,15/06/18,11:30:40
343,34.6,31.6,806.3,985,1.3848,15/06/18,11:30:42
344,34.3,31.6,806,1001,1.3847,15/06/18,11:30:44
345,34.3,31.6,806,1001,1.3848,15/06/18,11:30:46
346,34.5,31.6,805.8,1014,1.3846,15/06/18,11:30:48
347,34.8,31.6,805.8,1014,1.3848,15/06/18,11:30:50
348,34.5,31.6,805.6,1019,1.3846,15/06/18,11:30:52
349,33.9,31.6,805.6,1019,1.3847,15/06/18,11:30:54
350,33.5,31.6,805.4,1019,1.3846,15/06/18,11:30:56
351,33.1,31.6,805.4,1019,1.3847,15/06/18,11:30:58
352,32.7,31.6,804.8,1019,1.3846,15/06/18,11:31:00
353,32.4,31.6,804.8,1019,1.3847,15/06/18,11:31:02
354,32.3,31.6,804.9,1019,1.3845,15/06/18,11:31:04
355,32.4,31.6,804.9,1019,1.3847,15/06/18,11:31:06
356,32.6,31.6,804.8,1021,1.3845,15/06/18,11:31:08
357,32.8,31.6,804.8,1021,1.3846,15/06/18,11:31:10
358,32.8,31.7,804.2,1020,1.3845,15/06/18,11:31:12
359,32.6,31.7,804.2,1020,1.3846,15/06/18,11:31:14
360,32.6,31.6,804.5,1019,1.3844,15/06/18,11:31:16
361,32.8,31.6,804.5,1019,1.3846,15/06/18,11:31:18
362,33,31.5,804.7,1015,1.3844,15/06/18,11:31:20
363,33.4,31.5,804.7,1015,1.3845,15/06/18,11:31:22
364,34,31.6,804.3,998,1.3844,15/06/18,11:31:24
365,34.5,31.6,804.3,998,1.3845,15/06/18,11:31:26
366,34.7,31.5,804.2,978,1.3843,15/06/18,11:31:28
367,34.8,31.5,804.2,978,1.3845,15/06/18,11:31:30
368,34.9,31.5,804.2,960,1.3843,15/06/18,11:31:32
369,34.8,31.5,804.2,960,1.3845,15/06/18,11:31:34
370,34.6,31.5,803.9,952,1.3843,15/06/18,11:31:36
371,34.3,31.5,803.9,952,1.3844,15/06/18,11:31:38
372,34.2,31.5,804.1,954,1.3843,15/06/18,11:31:40
373,34.2,31.5,804.1,954,1.3844,15/06/18,11:31:42
374,33.8,31.6,804.1,967,1.3842,15/06/18,11:31:44
375,33.4,31.6,804.1,967,1.3844,15/06/18,11:31:46
376,33,31.6,804.2,954,1.3842,15/06/18,11:31:48
377,32.4,31.6,804.2,954,1.3843,15/06/18,11:31:50
378,32,31.6,804.2,966,1.3842,15/06/18,11:31:52
379,32.1,31.6,804.2,966,1.3843,15/06/18,11:31:54
380,32.1,31.6,804.4,977,1.3842,15/06/18,11:31:56
381,32,31.6,804.4,977,1.3843,15/06/18,11:31:58
382,32.1,31.6,804.2,990,1.3841,15/06/18,11:32:00
383,32.3,31.6,804.2,990,1.3842,15/06/18,11:32:02
384,32.2,31.6,804.2,992,1.3841,15/06/18,11:32:04
385,31.9,31.6,804.2,992,1.3842,15/06/18,11:32:06
386,31.8,31.6,804.2,992,1.384,15/06/18,11:32:08
387,32.6,31.6,804.2,992,1.3842,15/06/18,11:32:10
388,33.5,31.6,804.1,993,1.384,15/06/18,11:32:12
389,34,31.6,804.1,993,1.3842,15/06/18,11:32:14
390,34.5,31.6,804.6,993,1.384,15/06/18,11:32:16
391,34.8,31.6,804.6,993,1.3841,15/06/18,11:32:18
392,34.5,31.5,804.7,993,1.384,15/06/18,11:32:20
393,33.9,31.5,804.7,993,1.3841,15/06/18,11:32:22
394,33.8,31.5,804.2,990,1.3839,15/06/18,11:32:24
395,34.2,31.5,804.2,990,1.384,15/06/18,11:32:26
396,34,31.5,804.2,979,1.3839,15/06/18,11:32:28
397,33.3,31.5,804.2,979,1.384,15/06/18,11:32:30
398,32.7,31.5,804.2,961,1.3839,15/06/18,11:32:32
399,32.8,31.5,804.2,961,1.384,15/06/18,11:32:34
400,33.4,31.5,804.2,958,1.3838,15/06/18,11:32:36
401,33.8,31.5,804.2,958,1.384,15/06/18,11:32:38
402,34.1,31.5,804.1,946,1.3838,15/06/18,11:32:40
403,34.4,31.5,804.1,946,1.3839,15/06/18,11:32:42
404,34.3,31.5,804.2,954,1.3838,15/06/18,11:32:44
405,33.7,31.5,804.2,954,1.3839,15/06/18,11:32:46
406,33.5,31.5,804.4,961,1.3837,15/06/18,11:32:48
407,34,31.5,804.4,961,1.3839,15/06/18,11:32:50
408,34.5,31.5,804.5,954,1.3837,15/06/18,11:32:52
409,34.3,31.5,804.5,954,1.3838,15/06/18,11:32:54
410,33.6,31.6,804.5,961,1.3837,15/06/18,11:32:56
411,33.3,31.6,804.5,961,1.3838,15/06/18,11:32:58
412,33.1,31.6,804.5,969,1.3837,15/06/18,11:33:00
413,32.9,31.6,804.5,969,1.3838,15/06/18,11:33:02
414,33,31.6,804.6,980,1.3836,15/06/18,11:33:04
415,33.9,31.6,804.6,980,1.3837,15/06/18,11:33:06
416,34.6,31.6,804.8,988,1.3836,15/06/18,11:33:08
417,34.5,31.6,804.8,988,1.3837,15/06/18,11:33:10
418,34.3,31.6,804.9,997,1.3835,15/06/18,11:33:12
419,34.4,31.6,804.9,997,1.3837,15/06/18,11:33:14
420,34.6,31.6,805,1003,1.3835,15/06/18,11:33:16
421,34.5,31.6,805,1003,1.3837,15/06/18,11:33:18
422,34.6,31.6,804.4,1006,1.3835,15/06/18,11:33:20
423,35.2,31.6,804.4,1006,1.3836,15/06/18,11:33:22
424,35.4,31.6,804.6,1008,1.3835,15/06/18,11:33:24
425,35,31.6,804.6,1008,1.3836,15/06/18,11:33:26
426,34.8,31.6,805,1009,1.3834,15/06/18,11:33:28
427,34.9,31.6,805,1009,1.3836,15/06/18,11:33:30
428,34.7,31.6,804.7,1010,1.3834,15/06/18,11:33:32
429,34.2,31.6,804.7,1010,1.3835,15/06/18,11:33:34
430,34,31.6,804.8,1010,1.3834,15/06/18,11:33:36
431,34.1,31.6,804.8,1010,1.3835,15/06/18,11:33:38
432,34.3,31.6,805.7,1010,1.3833,15/06/18,11:33:40
433,34.7,31.6,805.7,1010,1.3835,15/06/18,11:33:42
434,35.2,31.6,805.8,1010,1.3833,15/06/18,11:33:44
435,35.3,31.6,805.8,1010,1.3835,15/06/18,11:33:46
436,35.4,31.6,806,1013,1.3833,15/06/18,11:33:48
437,36,31.6,806,1013,1.3834,15/06/18,11:33:50
438,36.6,31.6,806.1,1014,1.3833,15/06/18,11:33:52
439,36.9,31.6,806.1,1014,1.3834,15/06/18,11:33:54
440,36.7,31.6,806.4,1017,1.3832,15/06/18,11:33:56
441,36.4,31.6,806.4,1017,1.3834,15/06/18,11:33:58
442,36.2,31.6,806.4,1017,1.3832,15/06/18,11:34:00
443,35.8,31.6,806.4,1017,1.3833,15/06/18,11:34:02
444,35.6,31.6,806.2,1017,1.3832,15/06/18,11:34:04
445,35.6,31.6,806.2,1017,1.3833,15/06/18,11:34:06
446,35.5,31.6,806.6,1019,1.3831,15/06/18,11:34:08
447,35.2,31.6,806.6,1019,1.3833,15/06/18,11:34:10
448,34.9,31.6,806.5,1019,1.3831,15/06/18,11:34:12
449,34.9,31.6,806.5,1019,1.3833,15/06/18,11:34:14
450,35.5,31.6,806.2,1017,1.3831,15/06/18,11:34:16
451,36.2,31.6,806.2,1017,1.3832,15/06/18,11:34:18
452,36.3,31.6,806.2,1020,1.3831,15/06/18,11:34:20
453,35.7,31.6,806.2,1020,1.3832,15/06/18,11:34:22
454,35.1,31.6,806.2,1014,1.383,15/06/18,11:34:24
455,35.1,31.6,806.2,1014,1.3832,15/06/18,11:34:26
456,35.6,31.6,806.2,1013,1.383,15/06/18,11:34:28
457,35.8,31.6,806.2,1013,1.3831,15/06/18,11:34:30
458,35.4,31.6,806,1018,1.383,15/06/18,11:34:32
459,35.5,31.6,806,1018,1.3831,15/06/18,11:34:34
460,35.6,31.6,806.1,1013,1.383,15/06/18,11:34:36
461,35.3,31.6,806.1,1013,1.3831,15/06/18,11:34:38
462,35.5,31.6,806.6,1014,1.3829,15/06/18,11:34:40
463,36.3,31.6,806.6,1014,1.3831,15/06/18,11:34:42
464,37.1,31.6,806.2,1011,1.3829,15/06/18,11:34:44
465,37,31.6,806.2,1011,1.383,15/06/18,11:34:46
466,36.5,31.6,806.1,1009,1.3829,15/06/18,11:34:48
467,36.3,31.6,806.1,1009,1.383,15/06/18,11:34:50
468,36.4,31.6,806.4,1006,1.3828,15/06/18,11:34:52
469,36.1,31.6,806.4,1006,1.383,15/06/18,11:34:54
470,35.9,31.6,806.2,1002,1.3828,15/06/18,11:34:56
471,36.1,31.6,806.2,1002,1.3829,15/06/18,11:34:58
472,36.4,31.6,806,1002,1.3828,15/06/18,11:35:00
473,36.6,31.6,806,1002,1.3829,15/06/18,11:35:02
474,36.8,31.6,806.2,998,1.3827,15/06/18,11:35:04
475,37.1,31.6,806.2,998,1.3829,15/06/18,11:35:06
476,37,31.5,805.9,983,1.3827,15/06/18,11:35:08
477,36.6,31.5,805.9,983,1.3828,15/06/18,11:35:10
478,36.6,31.6,805.6,968,1.3827,15/06/18,11:35:12
479,36.9,31.6,805.6,968,1.3828,15/06/18,11:35:14
480,37.2,31.5,805.2,956,1.3827,15/06/18,11:35:16
481,37.1,31.5,805.2,956,1.3828,15/06/18,11:35:18
482,36.7,31.5,804.9,945,1.3826,15/06/18,11:35:20
483,36.3,31.5,804.9,945,1.3828,15/06/18,11:35:22
484,36,31.5,804.7,939,1.3826,15/06/18,11:35:24
485,36,31.5,804.7,939,1.3827,15/06/18,11:35:26
486,36.7,31.4,804.6,936,1.3825,15/06/18,11:35:28
487,37.6,31.4,804.6,936,1.3827,15/06/18,11:35:30
488,37.9,31.5,805.6,933,1.3825,15/06/18,11:35:32
489,37.7,31.5,805.6,933,1.3827,15/06/18,11:35:34
490,37.3,31.4,805.5,934,1.3825,15/06/18,11:35:36
491,37.5,31.4,805.5,934,1.3827,15/06/18,11:35:38
492,38.3,31.4,805.3,932,1.3825,15/06/18,11:35:40
493,39.1,31.4,805.3,932,1.3826,15/06/18,11:35:42
494,39.5,31.5,805.3,931,1.3824,15/06/18,11:35:44
495,39.4,31.5,805.3,931,1.3826,15/06/18,11:35:46
496,38.8,31.4,805.3,933,1.3824,15/06/18,11:35:48
497,38.2,31.4,805.3,933,1.3825,15/06/18,11:35:50
498,38.2,31.4,805.4,936,1.3824,15/06/18,11:35:52
499,38.8,31.4,805.4,936,1.3825,15/06/18,11:35:54
500,39.4,31.4,804.8,931,1.3823,15/06/18,11:35:56
501,39.6,31.4,804.8,931,1.3825,15/06/18,11:35:58
502,39.1,31.4,804.3,933,1.3823,15/06/18,11:36:00
503,38.6,31.4,804.3,933,1.3825,15/06/18,11:36:02
504,38.5,31.4,803.9,933,1.3823,15/06/18,11:36:04
505,38.8,31.4,803.9,933,1.3824,15/06/18,11:36:06
506,39.5,31.4,803.8,935,1.3822,15/06/18,11:36:08
507,40.2,31.4,803.8,935,1.3824,15/06/18,11:36:10
508,40.4,31.4,803.8,939,1.3822,15/06/18,11:36:12
509,40.3,31.4,803.8,939,1.3824,15/06/18,11:36:14
510,40.2,31.5,803.9,941,1.3822,15/06/18,11:36:16
511,40,31.5,803.9,941,1.3823,15/06/18,11:36:18
512,39.7,31.5,803.9,949,1.3822,15/06/18,11:36:20
513,39.6,31.5,803.9,949,1.3823,15/06/18,11:36:22
514,39.5,31.5,804.1,960,1.3821,15/06/18,11:36:24
515,39.1,31.5,804.1,960,1.3823,15/06/18,11:36:26
516,38.2,31.5,804.4,971,1.3821,15/06/18,11:36:28
517,37.4,31.5,804.4,971,1.3822,15/06/18,11:36:30
518,37.2,31.5,804.8,984,1.3821,15/06/18,11:36:32
519,37.6,31.5,804.8,984,1.3822,15/06/18,11:36:34
520,37.7,31.5,804.1,995,1.3821,15/06/18,11:36:36
521,37.5,31.5,804.1,995,1.3822,15/06/18,11:36:38
522,37.6,31.5,804.4,1000,1.382,15/06/18,11:36:40
523,38,31.5,804.4,1000,1.3822,15/06/18,11:36:42
524,38.1,31.5,804.5,1004,1.382,15/06/18,11:36:44
525,38.1,31.5,804.5,1004,1.3821,15/06/18,11:36:46
526,38.6,31.5,804.6,1007,1.382,15/06/18,11:36:48
527,38.9,31.5,804.6,1007,1.3821,15/06/18,11:36:50
528,38.7,31.5,804.7,1010,1.3819,15/06/18,11:36:52
529,37.9,31.5,804.7,1010,1.3821,15/06/18,11:36:54
530,37.3,31.5,805,1011,1.3819,15/06/18,11:36:56
531,37.5,31.5,805,1011,1.3821,15/06/18,11:36:58
532,38,31.5,805.3,1013,1.3819,15/06/18,11:37:00
533,38,31.5,805.3,1013,1.382,15/06/18,11:37:02
534,37.5,31.5,805.3,1015,1.3818,15/06/18,11:37:04
535,37.3,31.5,805.3,1015,1.382,15/06/18,11:37:06
536,37.4,31.5,805.9,1016,1.3818,15/06/18,11:37:08
537,37.4,31.5,805.9,1016,1.382,15/06/18,11:37:10
538,37.5,31.5,805.8,1017,1.3818,15/06/18,11:37:12
539,38,31.5,805.8,1017,1.3819,15/06/18,11:37:14
540,38.5,31.5,805.7,1017,1.3818,15/06/18,11:37:16
541,38.4,31.5,805.7,1017,1.3819,15/06/18,11:37:18
542,37.9,31.5,805.9,1018,1.3817,15/06/18,11:37:20
543,37.6,31.5,805.9,1018,1.3819,15/06/18,11:37:22
544,37.6,31.5,806.2,1017,1.3817,15/06/18,11:37:24
545,37.8,31.5,806.2,1017,1.3818,15/06/18,11:37:26
546,37.9,31.5,806.1,1018,1.3817,15/06/18,11:37:28
547,38,31.5,806.1,1018,1.3818,15/06/18,11:37:30
548,38.2,31.5,806.1,1018,1.3816,15/06/18,11:37:32
549,38.6,31.5,806.1,1018,1.3818,15/06/18,11:37:34
550,39,31.5,806.4,1015,1.3816,15/06/18,11:37:36
551,39.6,31.5,806.4,1015,1.3817,15/06/18,11:37:38
552,40,31.5,806,1015,1.3816,15/06/18,11:37:40
553,40,31.5,806,1015,1.3817,15/06/18,11:37:42
554,40.1,31.5,806.2,1018,1.3815,15/06/18,11:37:44
555,40.2,31.5,806.2,1018,1.3817,15/06/18,11:37:46
556,40,31.5,806.3,1014,1.3815,15/06/18,11:37:48
557,40,31.5,806.3,1014,1.3817,15/06/18,11:37:50
558,40.1,31.5,806.3,1010,1.3815,15/06/18,11:37:52
559,39.9,31.5,806.3,1010,1.3816,15/06/18,11:37:54
560,39.4,31.6,806.3,1014,1.3815,15/06/18,11:37:56
561,38.6,31.6,806.3,1014,1.3816,15/06/18,11:37:58
562,38.1,31.5,806.3,1008,1.3814,15/06/18,11:38:00
563,38.5,31.5,806.3,1008,1.3816,15/06/18,11:38:02
564,39,31.5,806.2,1001,1.3814,15/06/18,11:38:04
565,39.4,31.5,806.2,1001,1.3816,15/06/18,11:38:06
566,39.5,31.5,805.8,992,1.3814,15/06/18,11:38:08
567,39.4,31.5,805.8,992,1.3815,15/06/18,11:38:10
568,39.5,31.4,805.6,972,1.3813,15/06/18,11:38:12
569,39.6,31.4,805.6,972,1.3815,15/06/18,11:38:14
570,39.7,31.3,805.3,957,1.3813,15/06/18,11:38:16
571,40.2,31.3,805.3,957,1.3814,15/06/18,11:38:18
572,40.6,31.3,804.9,945,1.3813,15/06/18,11:38:20
573,40.8,31.3,804.9,945,1.3814,15/06/18,11:38:22
574,40.7,31.4,804.2,933,1.3813,15/06/18,11:38:24
575,40.3,31.4,804.2,933,1.3814,15/06/18,11:38:26
576,40.1,31.4,804,935,1.3812,15/06/18,11:38:28
577,40.2,31.4,804,935,1.3814,15/06/18,11:38:30
578,39.8,31.3,804,932,1.3812,15/06/18,11:38:32
579,39.5,31.3,804,932,1.3814,15/06/18,11:38:34
580,39.7,31.4,804.1,935,1.3812,15/06/18,11:38:36
581,40.1,31.4,804.1,935,1.3813,15/06/18,11:38:38
582,39.9,31.5,804.7,932,1.3811,15/06/18,11:38:40
583,39.3,31.5,804.7,932,1.3813,15/06/18,11:38:42
584,38.7,31.5,804,949,1.3811,15/06/18,11:38:44
585,38.7,31.5,804,949,1.3812,15/06/18,11:38:46
586,38.8,31.4,804.3,962,1.3811,15/06/18,11:38:48
587,38.5,31.4,804.3,962,1.3812,15/06/18,11:38:50
588,38.7,31.4,804.6,981,1.381,15/06/18,11:38:52
589,39.5,31.4,804.6,981,1.3812,15/06/18,11:38:54
590,39.9,31.5,804.8,996,1.381,15/06/18,11:38:56
591,40.2,31.5,804.8,996,1.3812,15/06/18,11:38:58
592,40.7,31.5,805.2,1000,1.381,15/06/18,11:39:00
593,41.1,31.5,805.2,1000,1.3811,15/06/18,11:39:02
594,41.4,31.4,805.5,1005,1.3809,15/06/18,11:39:04
595,41.5,31.4,805.5,1005,1.3811,15/06/18,11:39:06
596,41.7,31.4,805.7,1008,1.3809,15/06/18,11:39:08
597,42.4,31.4,805.7,1008,1.3811,15/06/18,11:39:10
598,42.7,31.5,806,1013,1.3809,15/06/18,11:39:12
599,42.3,31.5,806,1013,1.381,15/06/18,11:39:14
600,41.6,31.5,806.1,1011,1.3808,15/06/18,11:39:16
601,41.2,31.5,806.1,1011,1.381,15/06/18,11:39:18
602,41,31.4,806.2,1011,1.3808,15/06/18,11:39:20
603,41.1,31.4,806.2,1011,1.381,15/06/18,11:39:22
604,41.4,31.4,806.3,1011,1.3808,15/06/18,11:39:24
605,41.7,31.4,806.3,1011,1.3809,15/06/18,11:39:26
606,41.7,31.5,806.9,1011,1.3808,15/06/18,11:39:28
607,41.2,31.5,806.9,1011,1.3809,15/06/18,11:39:30
608,40.7,31.4,806.3,1011,1.3807,15/06/18,11:39:32
609,40.7,31.4,806.3,1011,1.3809,15/06/18,11:39:34
610,40.8,31.4,806.3,1008,1.3807,15/06/18,11:39:36
611,40.7,31.4,806.3,1008,1.3809,15/06/18,11:39:38
612,40.9,31.5,805.9,993,1.3807,15/06/18,11:39:40
613,41,31.5,805.9,993,1.3808,15/06/18,11:39:42
614,40.5,31.4,805.6,976,1.3806,15/06/18,11:39:44
615,40.1,31.4,805.6,976,1.3808,15/06/18,11:39:46
616,40.1,31.3,806.2,957,1.3806,15/06/18,11:39:48
617,40.6,31.3,806.2,957,1.3807,15/06/18,11:39:50
618,41,31.4,806,939,1.3805,15/06/18,11:39:52
619,41,31.4,806,939,1.3807,15/06/18,11:39:54
620,41.1,31.4,806.1,932,1.3805,15/06/18,11:39:56
621,41.2,31.4,806.1,932,1.3807,15/06/18,11:39:58
622,41.2,31.4,805.6,930,1.3805,15/06/18,11:40:00
623,41.2,31.4,805.6,930,1.3806,15/06/18,11:40:02
624,41.4,31.3,805.4,929,1.3805,15/06/18,11:40:04
625,41.5,31.3,805.4,929,1.3806,15/06/18,11:40:06
626,41.7,31.3,805.3,931,1.3804,15/06/18,11:40:08
627,41.9,31.3,805.3,931,1.3806,15/06/18,11:40:10
628,42.2,31.3,804.9,927,1.3804,15/06/18,11:40:12
629,42.6,31.3,804.9,927,1.3806,15/06/18,11:40:14
630,42.9,31.3,804.4,927,1.3803,15/06/18,11:40:16
631,42.9,31.3,804.4,927,1.3805,15/06/18,11:40:18
632,42.6,31.3,804.2,928,1.3803,15/06/18,11:40:20
633,42.6,31.3,804.2,928,1.3805,15/06/18,11:40:22
634,43.3,31.3,804,930,1.3803,15/06/18,11:40:24
635,44.1,31.3,804,930,1.3805,15/06/18,11:40:26
636,44.5,31.3,803.9,933,1.3802,15/06/18,11:40:28
637,44.8,31.3,803.9,933,1.3804,15/06/18,11:40:30
638,44.9,31.3,804.3,935,1.3802,15/06/18,11:40:32
639,44.8,31.3,804.3,935,1.3804,15/06/18,11:40:34
640,44.4,31.4,804.1,936,1.3802,15/06/18,11:40:36
641,44.1,31.4,804.1,936,1.3804,15/06/18,11:40:38
642,44,31.4,804.6,945,1.3802,15/06/18,11:40:40
643,43.9,31.4,804.6,945,1.3803,15/06/18,11:40:42
644,43.9,31.4,804.8,956,1.3801,15/06/18,11:40:44
645,44.2,31.4,804.8,956,1.3803,15/06/18,11:40:46
646,44.1,31.4,805.6,972,1.3801,15/06/18,11:40:48
647,43.7,31.4,805.6,972,1.3802,15/06/18,11:40:50
648,43.3,31.4,804.8,986,1.38,15/06/18,11:40:52
649,43.3,31.4,804.8,986,1.3802,15/06/18,11:40:54
650,43.5,31.4,805.1,996,1.38,15/06/18,11:40:56
651,44,31.4,805.1,996,1.3802,15/06/18,11:40:58
652,44.6,31.4,805.4,1000,1.38,15/06/18,11:41:00
653,44.8,31.4,805.4,1000,1.3802,15/06/18,11:41:02
654,44.5,31.4,805.8,1005,1.3799,15/06/18,11:41:04
655,44,31.4,805.8,1005,1.3801,15/06/18,11:41:06
656,43.5,31.5,806.4,1009,1.3799,15/06/18,11:41:08
657,43.4,31.5,806.4,1009,1.3801,15/06/18,11:41:10
658,43.9,31.4,806.1,1010,1.3799,15/06/18,11:41:12
659,44.4,31.4,806.1,1010,1.3801,15/06/18,11:41:14
660,44.6,31.4,806.3,1009,1.3798,15/06/18,11:41:16
661,44.7,31.4,806.3,1009,1.38,15/06/18,11:41:18
662,44.5,31.4,806.4,1010,1.3798,15/06/18,11:41:20
663,44.3,31.4,806.4,1010,1.38,15/06/18,11:41:22
664,44,31.4,806.2,1010,1.3798,15/06/18,11:41:24
665,43.5,31.4,806.2,1010,1.3799,15/06/18,11:41:26
666,43.4,31.4,805.9,1001,1.3797,15/06/18,11:41:28
667,43.6,31.4,805.9,1001,1.3799,15/06/18,11:41:30
668,43.2,31.4,805.5,994,1.3797,15/06/18,11:41:32
669,42.6,31.4,805.5,994,1.3799,15/06/18,11:41:34
670,42.1,31.3,805.1,979,1.3797,15/06/18,11:41:36
671,41.7,31.3,805.1,979,1.3798,15/06/18,11:41:38
672,41.6,31.2,804.3,959,1.3796,15/06/18,11:41:40
673,42,31.2,804.3,959,1.3798,15/06/18,11:41:42
674,42.5,31.2,804.2,944,1.3796,15/06/18,11:41:44
675,42.7,31.2,804.2,944,1.3798,15/06/18,11:41:46
676,42.8,31.3,803.8,943,1.3796,15/06/18,11:41:48
677,43.1,31.3,803.8,943,1.3798,15/06/18,11:41:50
678,43.4,31.3,803.9,943,1.3796,15/06/18,11:41:52
679,43.5,31.3,803.9,943,1.3797,15/06/18,11:41:54
680,43.5,31.4,804.5,952,1.3795,15/06/18,11:41:56
681,43.5,31.4,804.5,952,1.3797,15/06/18,11:41:58
682,43.6,31.4,804,943,1.3795,15/06/18,11:42:00
683,43.1,31.4,804,943,1.3796,15/06/18,11:42:02
684,42.4,31.4,804.3,958,1.3795,15/06/18,11:42:04
685,42.3,31.4,804.3,958,1.3796,15/06/18,11:42:06
686,42.4,31.4,804.7,977,1.3794,15/06/18,11:42:08
687,42.1,31.4,804.7,977,1.3796,15/06/18,11:42:10
688,41.9,31.4,805.1,994,1.3794,15/06/18,11:42:12
689,42.1,31.4,805.1,994,1.3795,15/06/18,11:42:14
690,42.3,31.4,805.5,1003,1.3794,15/06/18,11:42:16
691,42.2,31.4,805.5,1003,1.3795,15/06/18,11:42:18
692,42.2,31.4,805.8,1004,1.3793,15/06/18,11:42:20
693,42.8,31.4,805.8,1004,1.3795,15/06/18,11:42:22
694,43.3,31.4,806,1008,1.3793,15/06/18,11:42:24
695,43.4,31.4,806,1008,1.3795,15/06/18,11:42:26
696,43.4,31.4,806,1010,1.3792,15/06/18,11:42:28
697,43.7,31.4,806,1010,1.3794,15/06/18,11:42:30
698,44.1,31.3,806.2,1013,1.3792,15/06/18,11:42:32
699,44.3,31.3,806.2,1013,1.3794,15/06/18,11:42:34
700,44.3,31.4,806.2,1013,1.3792,15/06/18,11:42:36
701,44.3,31.4,806.2,1013,1.3794,15/06/18,11:42:38
702,44.3,31.4,806.8,1013,1.3792,15/06/18,11:42:40
703,44.3,31.4,806.8,1013,1.3793,15/06/18,11:42:42
704,44.9,31.4,806.1,1012,1.3791,15/06/18,11:42:44
705,45.6,31.4,806.1,1012,1.3793,15/06/18,11:42:46
706,45.8,31.4,806,1010,1.3791,15/06/18,11:42:48
707,45.6,31.4,806,1010,1.3792,15/06/18,11:42:50
708,45.1,31.3,805.5,995,1.379,15/06/18,11:42:52
709,44.9,31.3,805.5,995,1.3792,15/06/18,11:42:54
710,45.3,31.2,805.1,976,1.379,15/06/18,11:42:56
711,46,31.2,805.1,976,1.3792,15/06/18,11:42:58
712,46.2,31.3,804.4,959,1.379,15/06/18,11:43:00
713,46.1,31.3,804.4,959,1.3791,15/06/18,11:43:02
714,45.7,31.3,804.9,941,1.379,15/06/18,11:43:04
715,44.9,31.3,804.9,941,1.3791,15/06/18,11:43:06
716,44.3,31.2,804.5,936,1.3789,15/06/18,11:43:08
717,44.1,31.2,804.5,936,1.3791,15/06/18,11:43:10
718,44.4,31.2,803.9,936,1.3789,15/06/18,11:43:12
719,44.7,31.2,803.9,936,1.379,15/06/18,11:43:14
720,44.6,31.2,804,939,1.3788,15/06/18,11:43:16
721,44.2,31.2,804,939,1.379,15/06/18,11:43:18
722,43.7,31.3,804.3,936,1.3788,15/06/18,11:43:20
723,43.2,31.3,804.3,936,1.3789,15/06/18,11:43:22
724,42.9,31.4,805.2,939,1.3788,15/06/18,11:43:24
725,43,31.4,805.2,939,1.3789,15/06/18,11:43:26
726,43.2,31.3,805.3,958,1.3787,15/06/18,11:43:28
727,43.3,31.3,805.3,958,1.3789,15/06/18,11:43:30
728,43.1,31.3,805.7,974,1.3787,15/06/18,11:43:32
729,42.6,31.3,805.7,974,1.3788,15/06/18,11:43:34
730,42.2,31.3,806.3,995,1.3786,15/06/18,11:43:36
731,42.3,31.3,806.3,995,1.3788,15/06/18,11:43:38
732,42.8,31.4,806.4,1009,1.3786,15/06/18,11:43:40
733,43.4,31.4,806.4,1009,1.3788,15/06/18,11:43:42
734,44.3,31.3,806.4,1009,1.3786,15/06/18,11:43:44
735,45.3,31.3,806.4,1009,1.3787,15/06/18,11:43:46
736,46.1,31.3,806.6,1009,1.3785,15/06/18,11:43:48
737,46.5,31.3,806.6,1009,1.3787,15/06/18,11:43:50
738,47,31.3,806.1,1009,1.3785,15/06/18,11:43:52
739,47.5,31.3,806.1,1009,1.3787,15/06/18,11:43:54
740,47.7,31.2,805.6,997,1.3785,15/06/18,11:43:56
741,47.3,31.2,805.6,997,1.3786,15/06/18,11:43:58
742,46.7,31.2,804.9,980,1.3784,15/06/18,11:44:00
743,46.4,31.2,804.9,980,1.3786,15/06/18,11:44:02
744,46,31.2,804.2,958,1.3784,15/06/18,11:44:04
745,45.4,31.2,804.2,958,1.3786,15/06/18,11:44:06
746,44.9,31.2,805,941,1.3784,15/06/18,11:44:08
747,44.3,31.2,805,941,1.3785,15/06/18,11:44:10
748,43.9,31.2,804.3,934,1.3783,15/06/18,11:44:12
749,43.9,31.2,804.3,934,1.3785,15/06/18,11:44:14
750,43.9,31.2,804,935,1.3783,15/06/18,11:44:16
751,43.7,31.2,804,935,1.3784,15/06/18,11:44:18
752,43.5,31.2,804.1,940,1.3782,15/06/18,11:44:20
753,43.5,31.2,804.1,940,1.3784,15/06/18,11:44:22
754,43.6,31.3,804.5,935,1.3782,15/06/18,11:44:24
755,43.9,31.3,804.5,935,1.3784,15/06/18,11:44:26
756,44.5,31.3,805.1,941,1.3782,15/06/18,11:44:28
757,44.9,31.3,805.1,941,1.3783,15/06/18,11:44:30
758,44.7,31.3,805.5,958,1.3781,15/06/18,11:44:32
759,44.4,31.3,805.5,958,1.3783,15/06/18,11:44:34
760,44.6,31.3,805.6,974,1.3781,15/06/18,11:44:36
761,45.6,31.3,805.6,974,1.3783,15/06/18,11:44:38
762,46.5,31.3,805.8,993,1.3781,15/06/18,11:44:40
763,46.6,31.3,805.8,993,1.3782,15/06/18,11:44:42
764,46.4,31.3,806.1,1005,1.378,15/06/18,11:44:44
765,46.3,31.3,806.1,1005,1.3782,15/06/18,11:44:46
766,46.1,31.4,806.2,1007,1.378,15/06/18,11:44:48
767,46.1,31.4,806.2,1007,1.3782,15/06/18,11:44:50
768,46.6,31.3,806.2,1007,1.3779,15/06/18,11:44:52
769,47.2,31.3,806.2,1007,1.3781,15/06/18,11:44:54
770,47.7,31.3,806.3,1007,1.3779,15/06/18,11:44:56
771,47.8,31.3,806.3,1007,1.3781,15/06/18,11:44:58
772,48.1,31.3,806.1,1007,1.3779,15/06/18,11:45:00
773,48.9,31.3,806.1,1007,1.3781,15/06/18,11:45:02
774,49.6,31.3,805.9,998,1.3778,15/06/18,11:45:04
775,49.9,31.3,805.9,998,1.378,15/06/18,11:45:06
776,49.8,31.2,805.4,983,1.3778,15/06/18,11:45:08
777,49.4,31.2,805.4,983,1.378,15/06/18,11:45:10
778,48.7,31.2,806,963,1.3778,15/06/18,11:45:12
779,48.1,31.2,806,963,1.3779,15/06/18,11:45:14
780,47.5,31.3,805.8,946,1.3777,15/06/18,11:45:16
781,47,31.3,805.8,946,1.3779,15/06/18,11:45:18
782,46.5,31.3,805.2,935,1.3777,15/06/18,11:45:20
783,46.1,31.3,805.2,935,1.3779,15/06/18,11:45:22
784,45.9,31.2,804.6,931,1.3777,15/06/18,11:45:24
785,45.7,31.2,804.6,931,1.3778,15/06/18,11:45:26
786,45.6,31.2,804.3,931,1.3776,15/06/18,11:45:28
787,45.8,31.2,804.3,931,1.3778,15/06/18,11:45:30
788,46.2,31.2,804.3,931,1.3776,15/06/18,11:45:32
789,46.6,31.2,804.3,931,1.3778,15/06/18,11:45:34
790,46.8,31.2,803.6,932,1.3776,15/06/18,11:45:36
791,46.8,31.2,803.6,932,1.3777,15/06/18,11:45:38
792,46.6,31.3,804.5,931,1.3775,15/06/18,11:45:40
793,46.1,31.3,804.5,931,1.3777,15/06/18,11:45:42
794,45.3,31.3,804.6,933,1.3775,15/06/18,11:45:44
795,45.1,31.3,804.6,933,1.3777,15/06/18,11:45:46
796,45.7,31.3,805.3,946,1.3774,15/06/18,11:45:48
797,46.3,31.3,805.3,946,1.3776,15/06/18,11:45:50
798,46.5,31.3,805.6,965,1.3774,15/06/18,11:45:52
799,46.5,31.3,805.6,965,1.3776,15/06/18,11:45:54
800,46.7,31.3,806,984,1.3774,15/06/18,11:45:56
801,47.2,31.3,806,984,1.3776,15/06/18,11:45:58
802,47.5,31.3,806.3,1002,1.3774,15/06/18,11:46:00
803,47.6,31.3,806.3,1002,1.3775,15/06/18,11:46:02
804,47.7,31.3,806.7,1002,1.3773,15/06/18,11:46:04
805,47.5,31.3,806.7,1002,1.3775,15/06/18,11:46:06
806,47.1,31.3,806,1002,1.3773,15/06/18,11:46:08
807,47.2,31.3,806,1002,1.3775,15/06/18,11:46:10
808,47.5,31.3,805.6,1002,1.3773,15/06/18,11:46:12
809,47.8,31.3,805.6,1002,1.3775,15/06/18,11:46:14
810,48,31.2,806.1,996,1.3772,15/06/18,11:46:16
811,48.1,31.2,806.1,996,1.3774,15/06/18,11:46:18
812,48.3,31.3,805.6,979,1.3772,15/06/18,11:46:20
813,48.7,31.3,805.6,979,1.3774,15/06/18,11:46:22
814,49.5,31.2,805,961,1.3772,15/06/18,11:46:24
815,50,31.2,805,961,1.3774,15/06/18,11:46:26
816,49.9,31.2,804.2,942,1.3771,15/06/18,11:46:28
817,49.6,31.2,804.2,942,1.3773,15/06/18,11:46:30
818,49.2,31.2,804,937,1.3771,15/06/18,11:46:32
819,48.6,31.2,804,937,1.3773,15/06/18,11:46:34
820,48.2,31.2,803.9,937,1.3771,15/06/18,11:46:36
821,48,31.2,803.9,937,1.3773,15/06/18,11:46:38
822,47.9,31.3,804.5,945,1.377,15/06/18,11:46:40
823,47.7,31.3,804.5,945,1.3772,15/06/18,11:46:42
824,47.5,31.3,805.3,937,1.377,15/06/18,11:46:44
825,47.5,31.3,805.3,937,1.3772,15/06/18,11:46:46
826,47.4,31.3,805.9,955,1.377,15/06/18,11:46:48
827,47.4,31.3,805.9,955,1.3772,15/06/18,11:46:50
828,47.9,31.3,806.5,973,1.377,15/06/18,11:46:52
829,48.4,31.3,806.5,973,1.3771,15/06/18,11:46:54
830,48.4,31.3,806.2,982,1.3769,15/06/18,11:46:56
831,48.2,31.3,806.2,982,1.3771,15/06/18,11:46:58
832,48.1,31.3,806,982,1.3769,15/06/18,11:47:00
833,48.1,31.3,806,982,1.3771,15/06/18,11:47:02
834,48.1,31.3,803.9,982,1.3769,15/06/18,11:47:04
835,48.5,31.3,803.9,982,1.3771,15/06/18,11:47:06
836,48.9,31.2,803.9,993,1.3768,15/06/18,11:47:08
837,49,31.2,803.9,993,1.3771,15/06/18,11:47:10
838,49.4,31.2,804.2,997,1.3768,15/06/18,11:47:12
839,49.7,31.2,804.2,997,1.377,15/06/18,11:47:14
840,50,31.2,804.2,999,1.3768,15/06/18,11:47:16
841,50.3,31.2,804.2,999,1.377,15/06/18,11:47:18
842,50.3,31.3,803.9,994,1.3768,15/06/18,11:47:20
843,50.5,31.3,803.9,994,1.377,15/06/18,11:47:22
844,51.1,31.3,804.2,998,1.3767,15/06/18,11:47:24
845,51.5,31.3,804.2,998,1.3769,15/06/18,11:47:26
846,51.9,31.3,804.4,1003,1.3767,15/06/18,11:47:28
847,52.2,31.3,804.4,1003,1.3769,15/06/18,11:47:30
848,52,31.3,805.3,998,1.3767,15/06/18,11:47:32
849,51.6,31.3,805.3,998,1.3769,15/06/18,11:47:34
850,51.3,31.3,805.9,1003,1.3766,15/06/18,11:47:36
851,51.3,31.3,805.9,1003,1.3768,15/06/18,11:47:38
852,51.7,31.3,806.5,1003,1.3766,15/06/18,11:47:40
853,51.9,31.3,806.5,1003,1.3768,15/06/18,11:47:42
854,51.6,31.3,806.3,1003,1.3766,15/06/18,11:47:44
855,51,31.3,806.3,1003,1.3768,15/06/18,11:47:46
856,50.4,31.3,806.1,1003,1.3766,15/06/18,11:47:48
857,49.9,31.3,806.1,1003,1.3768,15/06/18,11:47:50
858,49.9,31.2,805.1,995,1.3765,15/06/18,11:47:52
859,50.5,31.2,805.1,995,1.3767,15/06/18,11:47:54
860,50.8,31.2,804,981,1.3765,15/06/18,11:47:56
861,50.6,31.2,804,981,1.3767,15/06/18,11:47:58
862,50.4,31.2,803.8,979,1.3765,15/06/18,11:48:00
863,50.3,31.2,803.8,979,1.3767,15/06/18,11:48:02
864,50.3,31.3,804.1,971,1.3765,15/06/18,11:48:04
865,50.7,31.3,804.1,971,1.3767,15/06/18,11:48:06
866,50.9,31.3,804.9,977,1.3765,15/06/18,11:48:08
867,50.8,31.3,804.9,977,1.3767,15/06/18,11:48:10
868,50.7,31.3,805.6,979,1.3764,15/06/18,11:48:12
869,50.9,31.3,805.6,979,1.3766,15/06/18,11:48:14
870,51.3,31.3,806.5,977,1.3764,15/06/18,11:48:16
871,51.7,31.3,806.5,977,1.3766,15/06/18,11:48:18
872,51.8,31.3,806.2,965,1.3764,15/06/18,11:48:20
873,51.7,31.3,806.2,965,1.3766,15/06/18,11:48:22
874,51.4,31.3,806.3,980,1.3764,15/06/18,11:48:24
875,51.1,31.3,806.3,980,1.3766,15/06/18,11:48:26
876,51.2,31.3,806.1,980,1.3763,15/06/18,11:48:28
877,51.4,31.3,806.1,980,1.3765,15/06/18,11:48:30
878,51.4,31.3,805.6,980,1.3763,15/06/18,11:48:32
879,51.1,31.3,805.6,980,1.3765,15/06/18,11:48:34
880,50.9,31.2,805.6,980,1.3763,15/06/18,11:48:36
881,50.9,31.2,805.6,980,1.3765,15/06/18,11:48:38
882,51.2,31.2,804.7,969,1.3763,15/06/18,11:48:40
883,51.7,31.2,804.7,969,1.3765,15/06/18,11:48:42
884,51.8,31.2,804,949,1.3762,15/06/18,11:48:44
885,51.6,31.2,804,949,1.3765,15/06/18,11:48:46
886,51.5,31.2,803.8,950,1.3762,15/06/18,11:48:48
887,51.4,31.2,803.8,950,1.3764,15/06/18,11:48:50
888,51,31.2,804,957,1.3762,15/06/18,11:48:52
889,50.8,31.2,804,957,1.3764,15/06/18,11:48:54
890,50.6,31.3,804.2,950,1.3762,15/06/18,11:48:56
891,50.2,31.3,804.2,950,1.3764,15/06/18,11:48:58
892,49.5,31.3,804.5,957,1.3762,15/06/18,11:49:00
893,49,31.3,804.5,957,1.3764,15/06/18,11:49:02
894,49.1,31.3,804.7,962,1.3761,15/06/18,11:49:04
895,49.6,31.3,804.7,962,1.3764,15/06/18,11:49:06
896,50.2,31.3,805.4,979,1.3761,15/06/18,11:49:08
897,50.8,31.3,805.4,979,1.3764,15/06/18,11:49:10
898,51.4,31.2,805.9,996,1.3761,15/06/18,11:49:12
899,51.5,31.2,805.9,996,1.3763,15/06/18,11:49:14
900,51.3,31.3,805.9,1002,1.3761,15/06/18,11:49:16
901,51.4,31.3,805.9,1002,1.3763,15/06/18,11:49:18
902,51.9,31.2,806.4,1002,1.3761,15/06/18,11:49:20
903,52.1,31.2,806.4,1002,1.3763,15/06/18,11:49:22
904,51.9,31.3,806.4,1002,1.3761,15/06/18,11:49:24
905,51.6,31.3,806.4,1002,1.3763,15/06/18,11:49:26
906,51.2,31.3,806.3,1002,1.376,15/06/18,11:49:28
907,51,31.3,806.3,1002,1.3763,15/06/18,11:49:30
908,51,31.3,806,1002,1.376,15/06/18,11:49:32
909,51.4,31.3,806,1002,1.3762,15/06/18,11:49:34
910,52,31.3,805.2,992,1.376,15/06/18,11:49:36
911,52.3,31.3,805.2,992,1.3762,15/06/18,11:49:38
912,52.4,31.2,804.1,976,1.376,15/06/18,11:49:40
913,52.7,31.2,804.1,976,1.3762,15/06/18,11:49:42
914,53,31.2,803.9,973,1.3759,15/06/18,11:49:44
915,53.3,31.2,803.9,973,1.3762,15/06/18,11:49:46
916,53.5,31.2,804.2,964,1.3759,15/06/18,11:49:48
917,53.7,31.2,804.2,964,1.3761,15/06/18,11:49:50
918,53.6,31.2,804.9,974,1.3759,15/06/18,11:49:52
919,53.2,31.2,804.9,974,1.3761,15/06/18,11:49:54
920,53.3,31.3,805.6,964,1.3759,15/06/18,11:49:56
921,53.6,31.3,805.6,964,1.3761,15/06/18,11:49:58
922,53.8,31.3,806,974,1.3759,15/06/18,11:50:00
923,53.6,31.3,806,974,1.3761,15/06/18,11:50:02
924,53.4,31.3,806.2,973,1.3759,15/06/18,11:50:04
925,53,31.3,806.2,973,1.3761,15/06/18,11:50:06
926,52.6,31.2,805.9,977,1.3759,15/06/18,11:50:08
927,52.1,31.2,805.9,977,1.3761,15/06/18,11:50:10
928,52,31.3,805,977,1.3758,15/06/18,11:50:12
929,52.1,31.3,805,977,1.376,15/06/18,11:50:14
930,52,31.2,804.1,977,1.3758,15/06/18,11:50:16
931,51.8,31.2,804.1,977,1.376,15/06/18,11:50:18
932,51.7,31.2,803.6,989,1.3758,15/06/18,11:50:20
933,51.4,31.2,803.6,989,1.376,15/06/18,11:50:22
934,51.3,31.3,804.4,985,1.3758,15/06/18,11:50:24
935,51.5,31.3,804.4,985,1.376,15/06/18,11:50:26
936,51.8,31.2,805.1,995,1.3758,15/06/18,11:50:28
937,52,31.2,805.1,995,1.376,15/06/18,11:50:30
938,52,31.2,805.8,987,1.3758,15/06/18,11:50:32
939,51.8,31.2,805.8,987,1.3759,15/06/18,11:50:34
940,51.6,31.2,805.8,1006,1.3757,15/06/18,11:50:36
941,51.7,31.2,805.8,1006,1.3759,15/06/18,11:50:38
942,52,31.2,806,985,1.3757,15/06/18,11:50:40
943,52.5,31.2,806,985,1.3759,15/06/18,11:50:42
944,53,31.3,806.2,990,1.3757,15/06/18,11:50:44
945,53.3,31.3,806.2,990,1.3759,15/06/18,11:50:46
946,53.2,31.3,805.7,990,1.3757,15/06/18,11:50:48
947,52.9,31.3,805.7,990,1.3759,15/06/18,11:50:50
948,52.6,31.2,804.6,990,1.3757,15/06/18,11:50:52
949,52.7,31.2,804.6,990,1.3759,15/06/18,11:50:54
950,53,31.2,803.7,994,1.3756,15/06/18,11:50:56
951,53,31.2,803.7,994,1.3759,15/06/18,11:50:58
952,52.8,31.2,804.2,992,1.3756,15/06/18,11:51:00
953,52.6,31.2,804.2,992,1.3758,15/06/18,11:51:02
954,52.2,31.2,805.1,999,1.3756,15/06/18,11:51:04
955,52.1,31.2,805.1,999,1.3758,15/06/18,11:51:06
956,52.7,31.2,805.9,994,1.3756,15/06/18,11:51:08
957,53.6,31.2,805.9,994,1.3758,15/06/18,11:51:10
958,54.3,31.2,806.4,998,1.3756,15/06/18,11:51:12
959,54.6,31.2,806.4,998,1.3758,15/06/18,11:51:14
960,54.9,31.2,806,997,1.3756,15/06/18,11:51:16
961,55.2,31.2,806,997,1.3758,15/06/18,11:51:18
962,55.5,31.3,805.4,966,1.3756,15/06/18,11:51:20
963,55.5,31.3,805.4,966,1.3757,15/06/18,11:51:22
964,55.5,31.2,804.1,964,1.3755,15/06/18,11:51:24
965,55.8,31.2,804.1,964,1.3757,15/06/18,11:51:26
966,55.8,31.2,803.8,982,1.3755,15/06/18,11:51:28
967,55.2,31.2,803.8,982,1.3757,15/06/18,11:51:30
968,54.9,31.2,804.4,989,1.3755,15/06/18,11:51:32
969,55.1,31.2,804.4,989,1.3757,15/06/18,11:51:34
970,55,31.2,805.3,1004,1.3755,15/06/18,11:51:36
971,54.4,31.2,805.3,1004,1.3757,15/06/18,11:51:38
972,54.1,31.2,805.1,993,1.3754,15/06/18,11:51:40
973,54.6,31.2,805.1,993,1.3757,15/06/18,11:51:42
974,55.2,31.2,805.7,1007,1.3754,15/06/18,11:51:44
975,55.3,31.2,805.7,1007,1.3757,15/06/18,11:51:46
976,55,31.3,806.3,993,1.3754,15/06/18,11:51:48
977,54.9,31.3,806.3,993,1.3756,15/06/18,11:51:50
978,54.6,31.3,806.5,998,1.3754,15/06/18,11:51:52
979,54,31.3,806.5,998,1.3756,15/06/18,11:51:54
980,53.8,31.2,806.3,998,1.3754,15/06/18,11:51:56
981,54.2,31.2,806.3,998,1.3756,15/06/18,11:51:58
982,54.4,31.2,805.1,998,1.3754,15/06/18,11:52:00
983,54.1,31.2,805.1,998,1.3756,15/06/18,11:52:02
984,53.8,31.2,804,998,1.3754,15/06/18,11:52:04
985,53.7,31.2,804,998,1.3756,15/06/18,11:52:06
986,53.8,31.2,803.7,996,1.3753,15/06/18,11:52:08
987,54.1,31.2,803.7,996,1.3756,15/06/18,11:52:10
988,54.5,31.2,804.3,990,1.3753,15/06/18,11:52:12
989,54.9,31.2,804.3,990,1.3756,15/06/18,11:52:14
990,55.4,31.2,805.2,998,1.3753,15/06/18,11:52:16
991,55.3,31.2,805.2,998,1.3755,15/06/18,11:52:18
992,54.8,31.2,805.8,989,1.3753,15/06/18,11:52:20
993,54.6,31.2,805.8,989,1.3755,15/06/18,11:52:22
994,54.8,31.2,806,1005,1.3753,15/06/18,11:52:24
995,54.7,31.2,806,1005,1.3755,15/06/18,11:52:26
996,54.5,31.2,806.4,973,1.3753,15/06/18,11:52:28
997,54.4,31.2,806.4,973,1.3755,15/06/18,11:52:30
998,54.4,31.2,805.2,966,1.3752,15/06/18,11:52:32
999,54.5,31.2,805.2,966,1.3755,15/06/18,11:52:34
1000,54.5,31.2,804.5,966,1.3753,15/06/18,11:52:36
1001,54.4,31.2,804.5,966,1.3755,15/06/18,11:52:38
1002,54.6,31.2,803.5,980,1.3752,15/06/18,11:52:40
1003,55.1,31.2,803.5,980,1.3755,15/06/18,11:52:42
1004,55.3,31.2,803.8,980,1.3752,15/06/18,11:52:44
1005,55.2,31.2,803.8,980,1.3754,15/06/18,11:52:46
1006,55.4,31.2,804.1,990,1.3752,15/06/18,11:52:48
1007,55.8,31.2,804.1,990,1.3754,15/06/18,11:52:50
1008,56.3,31.2,805.2,976,1.3752,15/06/18,11:52:52
1009,56.6,31.2,805.2,976,1.3754,15/06/18,11:52:54
1010,56.8,31.2,806,994,1.3752,15/06/18,11:52:56
1011,57.2,31.2,806,994,1.3754,15/06/18,11:52:58
1012,57.4,31.2,806.1,972,1.3752,15/06/18,11:53:00
1013,57.2,31.2,806.1,972,1.3754,15/06/18,11:53:02
1014,57.2,31.2,805.8,971,1.3751,15/06/18,11:53:04
1015,57.5,31.2,805.8,971,1.3754,15/06/18,11:53:06
1016,57.6,31.3,805,970,1.3751,15/06/18,11:53:08
1017,57.5,31.3,805,970,1.3754,15/06/18,11:53:10
1018,57.3,31.2,803.8,972,1.3751,15/06/18,11:53:12
1019,57.1,31.2,803.8,972,1.3753,15/06/18,11:53:14
1020,56.9,31.2,804.6,988,1.3751,15/06/18,11:53:16
1021,57,31.2,804.6,988,1.3753,15/06/18,11:53:18
1022,57.2,31.2,805.2,985,1.3751,15/06/18,11:53:20
1023,56.8,31.2,805.2,985,1.3753,15/06/18,11:53:22
1024,56.1,31.2,806.6,1000,1.3751,15/06/18,11:53:24
1025,55.4,31.2,806.6,1000,1.3753,15/06/18,11:53:26
1026,54.9,31.2,806.1,982,1.3751,15/06/18,11:53:28
1027,54.7,31.2,806.1,982,1.3753,15/06/18,11:53:30
1028,54.4,31.2,806.1,972,1.3751,15/06/18,11:53:32
1029,54.3,31.2,806.1,972,1.3753,15/06/18,11:53:34
1030,54.4,31.2,804.5,954,1.375,15/06/18,11:53:36
1031,54.2,31.2,804.5,954,1.3753,15/06/18,11:53:38
1032,53.8,31.2,804,951,1.375,15/06/18,11:53:40
1033,53.8,31.2,804,951,1.3753,15/06/18,11:53:42
1034,54.1,31.2,805,966,1.375,15/06/18,11:53:44
1035,54.4,31.2,805,966,1.3753,15/06/18,11:53:46
1036,54.9,31.2,805.3,986,1.375,15/06/18,11:53:48
1037,55.2,31.2,805.3,986,1.3752,15/06/18,11:53:50
1038,55,31.2,806.3,988,1.375,15/06/18,11:53:52
1039,54.6,31.2,806.3,988,1.3752,15/06/18,11:53:54
1040,54.2,31.2,806.7,991,1.375,15/06/18,11:53:56
1041,54.3,31.2,806.7,991,1.3752,15/06/18,11:53:58
1042,55.1,31.2,806.2,976,1.375,15/06/18,11:54:00
1043,55.9,31.2,806.2,976,1.3752,15/06/18,11:54:02
1044,56.2,31.2,804.7,958,1.375,15/06/18,11:54:04
1045,56.2,31.2,804.7,958,1.3752,15/06/18,11:54:06
1046,56,31.2,804.2,969,1.3749,15/06/18,11:54:08
1047,56,31.2,804.2,969,1.3752,15/06/18,11:54:10
1048,56.6,31.2,804.9,988,1.3749,15/06/18,11:54:12
1049,57.5,31.2,804.9,988,1.3752,15/06/18,11:54:14
1050,58.2,31.2,806.2,998,1.3749,15/06/18,11:54:16
1051,58,31.2,806.2,998,1.3752,15/06/18,11:54:18
1052,57.5,31.2,806.4,993,1.3749,15/06/18,11:54:20
1053,57.2,31.2,806.4,993,1.3752,15/06/18,11:54:22
1054,57.3,31.2,806.2,981,1.3749,15/06/18,11:54:24
1055,57.5,31.2,806.2,981,1.3751,15/06/18,11:54:26
1056,57.5,31.2,805.5,975,1.3749,15/06/18,11:54:28
1057,57.6,31.2,805.5,975,1.3751,15/06/18,11:54:30
1058,57.5,31.2,804.1,956,1.3749,15/06/18,11:54:32
1059,57.1,31.2,804.1,956,1.3751,15/06/18,11:54:34
1060,56.8,31.2,804.2,964,1.3749,15/06/18,11:54:36
1061,56.9,31.2,804.2,964,1.3751,15/06/18,11:54:38
1062,57.2,31.2,804.8,979,1.3749,15/06/18,11:54:40
1063,57.4,31.2,804.8,979,1.3751,15/06/18,11:54:42
1064,57.7,31.2,806,997,1.3749,15/06/18,11:54:44
1065,58,31.2,806,997,1.3751,15/06/18,11:54:46
1066,58.2,31.2,806.5,988,1.3749,15/06/18,11:54:48
1067,57.7,31.2,806.5,988,1.3751,15/06/18,11:54:50
1068,57,31.2,806.5,1000,1.3748,15/06/18,11:54:52
1069,56.6,31.2,806.5,1000,1.3751,15/06/18,11:54:54
1070,56.5,31.3,806.5,983,1.3748,15/06/18,11:54:56
1071,56.6,31.3,806.5,983,1.3751,15/06/18,11:54:58
1072,56.5,31.2,805.7,965,1.3748,15/06/18,11:55:00
1073,56.3,31.2,805.7,965,1.3751,15/06/18,11:55:02
1074,56.1,31.2,804.3,965,1.3748,15/06/18,11:55:04
1075,56.1,31.2,804.3,965,1.375,15/06/18,11:55:06
1076,56.3,31.2,804.2,980,1.3748,15/06/18,11:55:08
1077,56.8,31.2,804.2,980,1.375,15/06/18,11:55:10
1078,57.7,31.2,805.3,982,1.3748,15/06/18,11:55:12
1079,58.4,31.2,805.3,982,1.375,15/06/18,11:55:14
1080,58.6,31.2,806.3,1000,1.3748,15/06/18,11:55:16
1081,58.5,31.2,806.3,1000,1.375,15/06/18,11:55:18
1082,58.6,31.2,806.5,982,1.3748,15/06/18,11:55:20
1083,58.6,31.2,806.5,982,1.375,15/06/18,11:55:22
1084,58.3,31.2,806,976,1.3748,15/06/18,11:55:24
1085,58.1,31.2,806,976,1.375,15/06/18,11:55:26
1086,58,31.2,804.6,974,1.3748,15/06/18,11:55:28
1087,58,31.2,804.6,974,1.375,15/06/18,11:55:30
1088,58,31.2,804,958,1.3747,15/06/18,11:55:32
1089,58.5,31.2,804,958,1.375,15/06/18,11:55:34
1090,59.1,31.2,804.8,973,1.3747,15/06/18,11:55:36
1091,59.3,31.2,804.8,973,1.375,15/06/18,11:55:38
1092,59.3,31.2,805.7,989,1.3747,15/06/18,11:55:40
1093,59.4,31.2,805.7,989,1.375,15/06/18,11:55:42
1094,59.5,31.2,806.4,993,1.3747,15/06/18,11:55:44
1095,59.4,31.2,806.4,993,1.375,15/06/18,11:55:46
1096,59.4,31.2,806.4,986,1.3747,15/06/18,11:55:48
1097,59.7,31.2,806.4,986,1.375,15/06/18,11:55:50
1098,59.8,31.2,805.4,985,1.3747,15/06/18,11:55:52
1099,59.3,31.2,805.4,985,1.3749,15/06/18,11:55:54
1100,58.6,31.2,805.3,958,1.3747,15/06/18,11:55:56
1101,58.3,31.2,805.3,958,1.3749,15/06/18,11:55:58
1102,58.3,31.2,804.1,953,1.3747,15/06/18,11:56:00
1103,58.6,31.2,804.1,953,1.3749,15/06/18,11:56:02
1104,58.8,31.2,804.4,969,1.3747,15/06/18,11:56:04
1105,58.8,31.2,804.4,969,1.3749,15/06/18,11:56:06
1106,58.7,31.2,805.3,987,1.3747,15/06/18,11:56:08
1107,58.9,31.2,805.3,987,1.3749,15/06/18,11:56:10
1108,59.1,31.2,806.2,989,1.3747,15/06/18,11:56:12
1109,59.3,31.2,806.2,989,1.3749,15/06/18,11:56:14
1110,59.6,31.2,806.5,988,1.3746,15/06/18,11:56:16
1111,60.1,31.2,806.5,988,1.3749,15/06/18,11:56:18
1112,60.1,31.2,806.3,986,1.3746,15/06/18,11:56:20
1113,59.6,31.2,806.3,986,1.3749,15/06/18,11:56:22
1114,59.6,31.2,805.1,950,1.3746,15/06/18,11:56:24
1115,59.6,31.2,805.1,950,1.3749,15/06/18,11:56:26
1116,59.4,31.2,804,965,1.3746,15/06/18,11:56:28
1117,59,31.2,804,965,1.3749,15/06/18,11:56:30
1118,58.7,31.2,804.9,982,1.3746,15/06/18,11:56:32
1119,58.3,31.2,804.9,982,1.3749,15/06/18,11:56:34
1120,58.1,31.2,806,996,1.3746,15/06/18,11:56:36
1121,57.9,31.2,806,996,1.3748,15/06/18,11:56:38
1122,58,31.2,806.5,996,1.3746,15/06/18,11:56:40
1123,58.1,31.2,806.5,996,1.3749,15/06/18,11:56:42
1124,58.2,31.2,806.2,979,1.3746,15/06/18,11:56:44
1125,58.6,31.2,806.2,979,1.3748,15/06/18,11:56:46
1126,59.1,31.2,804.8,978,1.3746,15/06/18,11:56:48
1127,59.2,31.2,804.8,978,1.3748,15/06/18,11:56:50
1128,59.3,31.2,804.1,972,1.3746,15/06/18,11:56:52
1129,59.6,31.2,804.1,972,1.3748,15/06/18,11:56:54
1130,59.8,31.2,805.1,973,1.3746,15/06/18,11:56:56
1131,59.6,31.2,805.1,973,1.3748,15/06/18,11:56:58
1132,59.7,31.2,805.5,991,1.3746,15/06/18,11:57:00
1133,60,31.2,805.5,991,1.3748,15/06/18,11:57:02
1134,59.9,31.2,806.3,998,1.3746,15/06/18,11:57:04
1135,59.5,31.2,806.3,998,1.3748,15/06/18,11:57:06
1136,59.3,31.2,806.6,987,1.3746,15/06/18,11:57:08
1137,59.1,31.2,806.6,987,1.3748,15/06/18,11:57:10
1138,59,31.2,805.9,997,1.3745,15/06/18,11:57:12
1139,59.3,31.2,805.9,997,1.3748,15/06/18,11:57:14
1140,59.5,31.2,804.6,968,1.3746,15/06/18,11:57:16
1141,59.6,31.2,804.6,968,1.3748,15/06/18,11:57:18
1142,59.8,31.2,804.4,973,1.3745,15/06/18,11:57:20
1143,60.1,31.2,804.4,973,1.3748,15/06/18,11:57:22
1144,60.1,31.2,805.4,988,1.3745,15/06/18,11:57:24
1145,60.2,31.2,805.4,988,1.3748,15/06/18,11:57:26
1146,60.9,31.2,806.6,1000,1.3745,15/06/18,11:57:28
1147,61.5,31.2,806.6,1000,1.3748,15/06/18,11:57:30
1148,61.5,31.2,806.5,994,1.3745,15/06/18,11:57:32
1149,61,31.2,806.5,994,1.3748,15/06/18,11:57:34
1150,61,31.2,805.9,975,1.3745,15/06/18,11:57:36
1151,61,31.2,805.9,975,1.3748,15/06/18,11:57:38
1152,60.2,31.2,804.4,971,1.3745,15/06/18,11:57:40
1153,59.4,31.2,804.4,971,1.3748,15/06/18,11:57:42
1154,59.6,31.2,804.2,964,1.3745,15/06/18,11:57:44
1155,60.4,31.2,804.2,964,1.3748,15/06/18,11:57:46
1156,60.5,31.2,805.1,971,1.3745,15/06/18,11:57:48
1157,60.3,31.2,805.1,971,1.3747,15/06/18,11:57:50
1158,60.4,31.2,806.4,993,1.3745,15/06/18,11:57:52
1159,60.7,31.2,806.4,993,1.3747,15/06/18,11:57:54
1160,60.6,31.2,806.6,993,1.3745,15/06/18,11:57:56
1161,60.9,31.2,806.6,993,1.3747,15/06/18,11:57:58
1162,62.1,31.2,806.2,981,1.3745,15/06/18,11:58:00
1163,63.3,31.2,806.2,981,1.3747,15/06/18,11:58:02
1164,63.5,31.2,804.7,983,1.3745,15/06/18,11:58:04
1165,63,31.2,804.7,983,1.3747,15/06/18,11:58:06
1166,62.8,31.2,804.8,952,1.3745,15/06/18,11:58:08
1167,62.9,31.2,804.8,952,1.3747,15/06/18,11:58:10
1168,62.5,31.2,804.1,960,1.3745,15/06/18,11:58:12
1169,62.1,31.2,804.1,960,1.3747,15/06/18,11:58:14
1170,62.2,31.2,805.5,977,1.3744,15/06/18,11:58:16
1171,62.4,31.2,805.5,977,1.3747,15/06/18,11:58:18
1172,62,31.2,806.2,996,1.3744,15/06/18,11:58:20
1173,61.4,31.2,806.2,996,1.3747,15/06/18,11:58:22
1174,61,31.2,806.5,978,1.3744,15/06/18,11:58:24
1175,60.5,31.2,806.5,978,1.3747,15/06/18,11:58:26
1176,59.9,31.2,806.4,978,1.3744,15/06/18,11:58:28
1177,59.7,31.2,806.4,978,1.3747,15/06/18,11:58:30
1178,60.3,31.2,805.7,958,1.3744,15/06/18,11:58:32
1179,60.5,31.2,805.7,958,1.3746,15/06/18,11:58:34
1180,60.1,31.2,804.6,947,1.3744,15/06/18,11:58:36
1181,59.8,31.2,804.6,947,1.3747,15/06/18,11:58:38
1182,60.2,31.2,804.3,956,1.3744,15/06/18,11:58:40
1183,60.8,31.2,804.3,956,1.3746,15/06/18,11:58:42
1184,61.4,31.2,804.4,971,1.3744,15/06/18,11:58:44
1185,62.1,31.2,804.4,971,1.3746,15/06/18,11:58:46
1186,62.7,31.2,805.5,987,1.3744,15/06/18,11:58:48
1187,63,31.2,805.5,987,1.3746,15/06/18,11:58:50
1188,63,31.2,806.3,982,1.3743,15/06/18,11:58:52
1189,63,31.2,806.3,982,1.3746,15/06/18,11:58:54
1190,63.1,31.2,806.4,991,1.3743,15/06/18,11:58:56
1191,62.8,31.2,806.4,991,1.3746,15/06/18,11:58:58
1192,62.1,31.2,806.1,965,1.3743,15/06/18,11:59:00
1193,61.4,31.2,806.1,965,1.3746,15/06/18,11:59:02
1194,60.8,31.2,804.6,955,1.3743,15/06/18,11:59:04
1195,60.4,31.2,804.6,955,1.3746,15/06/18,11:59:06
1196,60,31.2,804.1,968,1.3743,15/06/18,11:59:08
1197,59.7,31.2,804.1,968,1.3746,15/06/18,11:59:10
1198,59.4,31.2,804,983,1.3743,15/06/18,11:59:12
1199,59.1,31.2,804,983,1.3746,15/06/18,11:59:14
1200,58.9,31.2,804.8,993,1.3743,15/06/18,11:59:16
1201,58.9,31.2,804.8,993,1.3745,15/06/18,11:59:18
1202,59,31.2,805.7,999,1.3743,15/06/18,11:59:20
1203,59.3,31.2,805.7,999,1.3745,15/06/18,11:59:22
1204,59.5,31.2,806.4,1003,1.3743,15/06/18,11:59:24
1205,59.6,31.2,806.4,1003,1.3745,15/06/18,11:59:26
1206,59.5,31.2,806.2,1003,1.3743,15/06/18,11:59:28
1207,59.6,31.2,806.2,1003,1.3745,15/06/18,11:59:30
1208,59.7,31.2,805.1,973,1.3743,15/06/18,11:59:32
1209,59.9,31.2,805.1,973,1.3745,15/06/18,11:59:34
1210,60.4,31.2,804,975,1.3742,15/06/18,11:59:36
1211,60.9,31.2,804,975,1.3745,15/06/18,11:59:38
1212,61.1,31.2,804.6,992,1.3742,15/06/18,11:59:40
1213,61.1,31.2,804.6,992,1.3745,15/06/18,11:59:42
1214,61.1,31.2,806,987,1.3742,15/06/18,11:59:44
1215,61.3,31.2,806,987,1.3745,15/06/18,11:59:46
1216,61.3,31.2,806.3,1008,1.3742,15/06/18,11:59:48
1217,60.9,31.2,806.3,1008,1.3745,15/06/18,11:59:50
1218,60.7,31.2,806.3,989,1.3742,15/06/18,11:59:52
1219,61,31.2,806.3,989,1.3744,15/06/18,11:59:54
1220,60.9,31.2,805.3,981,1.3742,15/06/18,11:59:56
1221,60.4,31.2,805.3,981,1.3744,15/06/18,11:59:58
1222,60,31.2,804.3,962,1.3742,15/06/18,12:00:00
1223,60,31.2,804.3,962,1.3744,15/06/18,12:00:02
1224,60,31.2,804.2,962,1.3742,15/06/18,12:00:04
1225,60.1,31.2,804.2,962,1.3744,15/06/18,12:00:06
1226,60.4,31.2,805.2,981,1.3742,15/06/18,12:00:08
1227,60.8,31.2,805.2,981,1.3744,15/06/18,12:00:10
1228,61.1,31.2,806.2,997,1.3741,15/06/18,12:00:12
1229,61,31.2,806.2,997,1.3744,15/06/18,12:00:14
1230,60.8,31.2,806.2,991,1.3741,15/06/18,12:00:16
1231,60.8,31.2,806.2,991,1.3744,15/06/18,12:00:18
1232,61.1,31.2,806.5,994,1.3741,15/06/18,12:00:20
1233,61.6,31.2,806.5,994,1.3744,15/06/18,12:00:22
1234,61.8,31.2,805.5,992,1.3741,15/06/18,12:00:24
1235,61.6,31.2,805.5,992,1.3744,15/06/18,12:00:26
1236,61.6,31.2,804.2,958,1.3741,15/06/18,12:00:28
1237,62.1,31.2,804.2,958,1.3743,15/06/18,12:00:30
1238,62.3,31.2,804.2,975,1.3741,15/06/18,12:00:32
1239,62.3,31.2,804.2,975,1.3743,15/06/18,12:00:34
1240,62.7,31.2,805.3,991,1.3741,15/06/18,12:00:36
1241,63.5,31.2,805.3,991,1.3743,15/06/18,12:00:38
1242,63.7,31.2,806.2,1006,1.3741,15/06/18,12:00:40
1243,63.3,31.2,806.2,1006,1.3743,15/06/18,12:00:42
1244,62.8,31.2,806.5,993,1.3741,15/06/18,12:00:44
1245,62.7,31.2,806.5,993,1.3743,15/06/18,12:00:46
1246,62.8,31.2,806,975,1.374,15/06/18,12:00:48
1247,62.7,31.2,806,975,1.3743,15/06/18,12:00:50
1248,62.8,31.2,804.6,977,1.374,15/06/18,12:00:52
1249,63.2,31.2,804.6,977,1.3743,15/06/18,12:00:54
1250,63.3,31.2,803.9,958,1.374,15/06/18,12:00:56
1251,63,31.2,803.9,958,1.3743,15/06/18,12:00:58
1252,62.6,31.2,804.8,974,1.374,15/06/18,12:01:00
1253,62.6,31.2,804.8,974,1.3742,15/06/18,12:01:02
1254,62.9,31.2,806,992,1.374,15/06/18,12:01:04
1255,63.2,31.2,806,992,1.3742,15/06/18,12:01:06
1256,63.4,31.2,806.3,992,1.374,15/06/18,12:01:08
1257,63.3,31.2,806.3,992,1.3742,15/06/18,12:01:10
1258,63.2,31.2,805.8,980,1.374,15/06/18,12:01:12
1259,62.6,31.2,805.8,980,1.3742,15/06/18,12:01:14
1260,62.3,31.2,804.5,978,1.3739,15/06/18,12:01:16
1261,62.7,31.2,804.5,978,1.3742,15/06/18,12:01:18
1262,63.3,31.2,804.2,953,1.3739,15/06/18,12:01:20
1263,63.7,31.2,804.2,953,1.3742,15/06/18,12:01:22
1264,64.1,31.2,804.3,957,1.3739,15/06/18,12:01:24
1265,64.5,31.2,804.3,957,1.3742,15/06/18,12:01:26
1266,64.8,31.2,805.1,974,1.3739,15/06/18,12:01:28
1267,65,31.2,805.1,974,1.3742,15/06/18,12:01:30
1268,65,31.2,806.3,992,1.3739,15/06/18,12:01:32
1269,65.1,31.2,806.3,992,1.3742,15/06/18,12:01:34
1270,65.2,31.2,806.1,977,1.3739,15/06/18,12:01:36
1271,65.1,31.2,806.1,977,1.3742,15/06/18,12:01:38
1272,64.7,31.2,805.2,965,1.3739,15/06/18,12:01:40
1273,64.3,31.2,805.2,965,1.3742,15/06/18,12:01:42
1274,64,31.2,804,952,1.3739,15/06/18,12:01:44
1275,63.6,31.2,804,952,1.3741,15/06/18,12:01:46
1276,63.1,31.2,804.3,950,1.3739,15/06/18,12:01:48
1277,63.1,31.2,804.3,950,1.3741,15/06/18,12:01:50
1278,63.6,31.2,805.6,969,1.3738,15/06/18,12:01:52
1279,64.1,31.2,805.6,969,1.3741,15/06/18,12:01:54
1280,64.4,31.2,806.2,986,1.3738,15/06/18,12:01:56
1281,64.6,31.2,806.2,986,1.3741,15/06/18,12:01:58
1282,65,31.2,806.2,985,1.3738,15/06/18,12:02:00
1283,65.4,31.2,806.2,985,1.3741,15/06/18,12:02:02
1284,65.4,31.2,805.3,970,1.3738,15/06/18,12:02:04
1285,65.2,31.2,805.3,970,1.3741,15/06/18,12:02:06
1286,65.1,31.2,803.9,974,1.3738,15/06/18,12:02:08
1287,64.9,31.2,803.9,974,1.3741,15/06/18,12:02:10
1288,65,31.2,804.5,953,1.3738,15/06/18,12:02:12
1289,65.2,31.2,804.5,953,1.3741,15/06/18,12:02:14
1290,65.4,31.2,805.8,972,1.3738,15/06/18,12:02:16
1291,65.5,31.2,805.8,972,1.3741,15/06/18,12:02:18
1292,65.3,31.2,806.3,991,1.3738,15/06/18,12:02:20
1293,64.9,31.2,806.3,991,1.374,15/06/18,12:02:22
1294,64.8,31.2,806.2,990,1.3738,15/06/18,12:02:24
1295,64.9,31.2,806.2,990,1.374,15/06/18,12:02:26
1296,64.6,31.2,806.2,991,1.3738,15/06/18,12:02:28
1297,63.9,31.2,806.2,991,1.374,15/06/18,12:02:30
1298,62.9,31.2,805.1,972,1.3737,15/06/18,12:02:32
1299,62.2,31.2,805.1,972,1.374,15/06/18,12:02:34
1300,61.9,31.2,803.9,956,1.3737,15/06/18,12:02:36
1301,61.9,31.2,803.9,956,1.374,15/06/18,12:02:38
1302,62,31.2,804.2,973,1.3737,15/06/18,12:02:40
1303,62.1,31.2,804.2,973,1.374,15/06/18,12:02:42
1304,62.4,31.2,805.5,991,1.3737,15/06/18,12:02:44
1305,62.9,31.2,805.5,991,1.374,15/06/18,12:02:46
1306,63.6,31.2,806.3,1003,1.3737,15/06/18,12:02:48
1307,64.3,31.2,806.3,1003,1.374,15/06/18,12:02:50
1308,64.8,31.2,806.3,988,1.3737,15/06/18,12:02:52
1309,64.9,31.2,806.3,988,1.374,15/06/18,12:02:54
1310,64.7,31.2,805.2,976,1.3737,15/06/18,12:02:56
1311,64.4,31.2,805.2,976,1.374,15/06/18,12:02:58
1312,64.4,31.2,804,983,1.3737,15/06/18,12:03:00
1313,64.6,31.2,804,983,1.3739,15/06/18,12:03:02
1314,64.5,31.2,804.9,966,1.3737,15/06/18,12:03:04
1315,64.4,31.2,804.9,966,1.3739,15/06/18,12:03:06
1316,64.6,31.2,806.1,980,1.3736,15/06/18,12:03:08
1317,65,31.2,806.1,980,1.3739,15/06/18,12:03:10
1318,65.6,31.2,806.5,983,1.3736,15/06/18,12:03:12
1319,66.2,31.2,806.5,983,1.3739,15/06/18,12:03:14
1320,66.5,31.2,805.7,976,1.3736,15/06/18,12:03:16
1321,66.5,31.2,805.7,976,1.3739,15/06/18,12:03:18
1322,66.6,31.2,804.1,963,1.3736,15/06/18,12:03:20
1323,66.9,31.2,804.1,963,1.3739,15/06/18,12:03:22
1324,66.8,31.2,804.3,985,1.3736,15/06/18,12:03:24
1325,66.5,31.2,804.3,985,1.3739,15/06/18,12:03:26
1326,66.2,31.2,804.6,963,1.3736,15/06/18,12:03:28
1327,65.9,31.2,804.6,963,1.3739,15/06/18,12:03:30
1328,65.9,31.2,805.9,985,1.3736,15/06/18,12:03:32
1329,65.6,31.2,805.9,985,1.3738,15/06/18,12:03:34
1330,65.5,31.2,806.5,989,1.3736,15/06/18,12:03:36
1331,65.9,31.2,806.5,989,1.3739,15/06/18,12:03:38
1332,66.3,31.2,805.8,978,1.3736,15/06/18,12:03:40
1333,66.4,31.2,805.8,978,1.3738,15/06/18,12:03:42
1334,66.4,31.2,804.3,979,1.3736,15/06/18,12:03:44
1335,66.4,31.2,804.3,979,1.3738,15/06/18,12:03:46
1336,66.6,31.2,804,972,1.3735,15/06/18,12:03:48
1337,66.6,31.2,804,972,1.3738,15/06/18,12:03:50
1338,66.5,31.2,805.2,979,1.3735,15/06/18,12:03:52
1339,66.6,31.2,805.2,979,1.3738,15/06/18,12:03:54
1340,66.7,31.2,806,995,1.3735,15/06/18,12:03:56
1341,66.2,31.2,806,995,1.3738,15/06/18,12:03:58
1342,65.5,31.2,806.5,995,1.3735,15/06/18,12:04:00
1343,65.1,31.2,806.5,995,1.3738,15/06/18,12:04:02
1344,65.1,31.2,806.2,979,1.3735,15/06/18,12:04:04
1345,64.8,31.2,806.2,979,1.3738,15/06/18,12:04:06
1346,64.2,31.2,805.3,975,1.3735,15/06/18,12:04:08
1347,63.7,31.2,805.3,975,1.3738,15/06/18,12:04:10
1348,63.7,31.2,804.1,957,1.3735,15/06/18,12:04:12
1349,63.5,31.2,804.1,957,1.3738,15/06/18,12:04:14
1350,63,31.2,803.9,958,1.3735,15/06/18,12:04:16
1351,63,31.2,803.9,958,1.3738,15/06/18,12:04:18
1352,63.6,31.2,804.7,974,1.3735,15/06/18,12:04:20
1353,64.5,31.2,804.7,974,1.3738,15/06/18,12:04:22
1354,65.2,31.2,805.9,994,1.3735,15/06/18,12:04:24
1355,65.6,31.2,805.9,994,1.3738,15/06/18,12:04:26
1356,66.3,31.2,806.3,980,1.3735,15/06/18,12:04:28
1357,67.1,31.2,806.3,980,1.3738,15/06/18,12:04:30
1358,67.4,31.2,806.3,996,1.3735,15/06/18,12:04:32
1359,67.5,31.2,806.3,996,1.3737,15/06/18,12:04:34
1360,67.6,31.2,806.3,971,1.3735,15/06/18,12:04:36
1361,67.7,31.2,806.3,971,1.3737,15/06/18,12:04:38
1362,67.4,31.2,805.6,964,1.3734,15/06/18,12:04:40
1363,67,31.2,805.6,964,1.3737,15/06/18,12:04:42
1364,67,31.2,804.4,964,1.3735,15/06/18,12:04:44
1365,67.2,31.2,804.4,964,1.3737,15/06/18,12:04:46
1366,67.4,31.2,804,979,1.3734,15/06/18,12:04:48
1367,67.3,31.2,804,979,1.3737,15/06/18,12:04:50
1368,67.2,31.2,805.1,979,1.3734,15/06/18,12:04:52
1369,67.4,31.2,805.1,979,1.3737,15/06/18,12:04:54
1370,67.8,31.2,805.9,997,1.3734,15/06/18,12:04:56
1371,68.3,31.2,805.9,997,1.3737,15/06/18,12:04:58
1372,68.8,31.2,806.4,983,1.3734,15/06/18,12:05:00
1373,68.9,31.2,806.4,983,1.3737,15/06/18,12:05:02
1374,68.4,31.2,805.8,975,1.3734,15/06/18,12:05:04
1375,68,31.2,805.8,975,1.3737,15/06/18,12:05:06
1376,68,31.2,805.4,957,1.3734,15/06/18,12:05:08
1377,67.8,31.2,805.4,957,1.3737,15/06/18,12:05:10
1378,67.8,31.2,804,949,1.3734,15/06/18,12:05:12
1379,68.3,31.2,804,949,1.3737,15/06/18,12:05:14
1380,69,31.2,804,962,1.3734,15/06/18,12:05:16
1381,69.4,31.2,804,962,1.3737,15/06/18,12:05:18
1382,69.5,31.2,805,980,1.3734,15/06/18,12:05:20
1383,69.6,31.2,805,980,1.3737,15/06/18,12:05:22
1384,69.9,31.2,805.9,994,1.3734,15/06/18,12:05:24
1385,70.2,31.2,805.9,994,1.3737,15/06/18,12:05:26
1386,70.4,31.2,806.3,977,1.3734,15/06/18,12:05:28
1387,70.6,31.2,806.3,977,1.3737,15/06/18,12:05:30
1388,70.6,31.2,806,979,1.3734,15/06/18,12:05:32
1389,70.5,31.2,806,979,1.3737,15/06/18,12:05:34
1390,70.4,31.2,804.9,956,1.3734,15/06/18,12:05:36
1391,70.3,31.2,804.9,956,1.3737,15/06/18,12:05:38
1392,70.3,31.2,805.1,946,1.3734,15/06/18,12:05:40
1393,70.4,31.2,805.1,946,1.3737,15/06/18,12:05:42
1394,70.4,31.2,804,948,1.3734,15/06/18,12:05:44
1395,70.2,31.2,804,948,1.3736,15/06/18,12:05:46
1396,70.1,31.2,804.2,962,1.3733,15/06/18,12:05:48
1397,70.4,31.2,804.2,962,1.3736,15/06/18,12:05:50
1398,70.4,31.2,805.2,977,1.3734,15/06/18,12:05:52
1399,69.9,31.2,805.2,977,1.3736,15/06/18,12:05:54
1400,69.2,31.2,806.2,983,1.3733,15/06/18,12:05:56
1401,68.6,31.2,806.2,983,1.3736,15/06/18,12:05:58
1402,68.1,31.2,806.5,966,1.3733,15/06/18,12:06:00
1403,67.7,31.2,806.5,966,1.3736,15/06/18,12:06:02
1404,67.9,31.2,805.5,949,1.3733,15/06/18,12:06:04
1405,68.5,31.2,805.5,949,1.3736,15/06/18,12:06:06
1406,68.9,31.2,804.1,938,1.3733,15/06/18,12:06:08
1407,68.8,31.2,804.1,938,1.3736,15/06/18,12:06:10
1408,68.7,31.2,804.2,956,1.3733,15/06/18,12:06:12
1409,68.8,31.2,804.2,956,1.3736,15/06/18,12:06:14
1410,69.1,31.2,805.8,972,1.3733,15/06/18,12:06:16
1411,69.6,31.2,805.8,972,1.3736,15/06/18,12:06:18
1412,70,31.2,806.3,987,1.3733,15/06/18,12:06:20
1413,70,31.2,806.3,987,1.3736,15/06/18,12:06:22
1414,69.7,31.2,806.6,987,1.3733,15/06/18,12:06:24
1415,69.5,31.2,806.6,987,1.3736,15/06/18,12:06:26
1416,69.5,31.2,804.9,970,1.3733,15/06/18,12:06:28
1417,68.9,31.2,804.9,970,1.3736,15/06/18,12:06:30
1418,68.4,31.2,803.9,978,1.3733,15/06/18,12:06:32
1419,68.3,31.2,803.9,978,1.3736,15/06/18,12:06:34
1420,68.1,31.2,804.9,967,1.3733,15/06/18,12:06:36
1421,67.6,31.2,804.9,967,1.3736,15/06/18,12:06:38
1422,67,31.2,806.1,978,1.3733,15/06/18,12:06:40
1423,66.6,31.2,806.1,978,1.3736,15/06/18,12:06:42
1424,66.7,31.2,806.2,995,1.3733,15/06/18,12:06:44
1425,66.7,31.2,806.2,995,1.3736,15/06/18,12:06:46
1426,66.6,31.2,806.3,978,1.3733,15/06/18,12:06:48
1427,66.7,31.2,806.3,978,1.3736,15/06/18,12:06:50
1428,66.8,31.2,805.1,983,1.3733,15/06/18,12:06:52
1429,66.9,31.2,805.1,983,1.3736,15/06/18,12:06:54
1430,66.9,31.2,803.8,964,1.3733,15/06/18,12:06:56
1431,66.9,31.2,803.8,964,1.3735,15/06/18,12:06:58
1432,66.6,31.2,804.5,966,1.3733,15/06/18,12:07:00
1433,66.4,31.2,804.5,966,1.3735,15/06/18,12:07:02
1434,66.2,31.2,805.9,988,1.3733,15/06/18,12:07:04
1435,65.9,31.2,805.9,988,1.3735,15/06/18,12:07:06
1436,65.8,31.2,806.3,997,1.3732,15/06/18,12:07:08
1437,66,31.2,806.3,997,1.3735,15/06/18,12:07:10
1438,66.5,31.2,805.7,988,1.3732,15/06/18,12:07:12
1439,67.1,31.2,805.7,988,1.3735,15/06/18,12:07:14
1440,67.7,31.2,804.4,969,1.3732,15/06/18,12:07:16
1441,68.4,31.2,804.4,969,1.3735,15/06/18,12:07:18
1442,69.4,31.2,804,988,1.3732,15/06/18,12:07:20
1443,70.3,31.2,804,988,1.3735,15/06/18,12:07:22
1444,70.7,31.2,804.8,966,1.3732,15/06/18,12:07:24
1445,71,31.2,804.8,966,1.3735,15/06/18,12:07:26
1446,71.1,31.2,806,988,1.3732,15/06/18,12:07:28
1447,71.3,31.2,806,988,1.3735,15/06/18,12:07:30
1448,71.6,31.2,806.3,988,1.3732,15/06/18,12:07:32
1449,71.7,31.2,806.3,988,1.3735,15/06/18,12:07:34
1450,71.4,31.2,805.6,979,1.3732,15/06/18,12:07:36
1451,71.1,31.2,805.6,979,1.3735,15/06/18,12:07:38
1452,71,31.2,804.4,972,1.3732,15/06/18,12:07:40
1453,71.1,31.2,804.4,972,1.3735,15/06/18,12:07:42
1454,71.2,31.2,804,982,1.3732,15/06/18,12:07:44
1455,71.3,31.2,804,982,1.3735,15/06/18,12:07:46
1456,71.1,31.2,804.1,968,1.3732,15/06/18,12:07:48
1457,70.7,31.2,804.1,968,1.3735,15/06/18,12:07:50
1458,70.2,31.2,805.4,982,1.3732,15/06/18,12:07:52
1459,69.9,31.2,805.4,982,1.3735,15/06/18,12:07:54
1460,70.2,31.2,806.4,984,1.3732,15/06/18,12:07:56
1461,70.5,31.2,806.4,984,1.3735,15/06/18,12:07:58
1462,70.6,31.2,806,981,1.3732,15/06/18,12:08:00
1463,70.3,31.2,806,981,1.3735,15/06/18,12:08:02
1464,69.8,31.2,804.8,976,1.3732,15/06/18,12:08:04
1465,69.5,31.2,804.8,976,1.3735,15/06/18,12:08:06
1466,69.8,31.2,803.8,966,1.3732,15/06/18,12:08:08
1467,70.6,31.2,803.8,966,1.3735,15/06/18,12:08:10
1468,71.1,31.2,805.1,973,1.3732,15/06/18,12:08:12
1469,70.9,31.2,805.1,973,1.3735,15/06/18,12:08:14
1470,70.3,31.2,806.2,994,1.3732,15/06/18,12:08:16
1471,69.7,31.2,806.2,994,1.3735,15/06/18,12:08:18
1472,69.7,31.2,806.2,994,1.3732,15/06/18,12:08:20
1473,70.2,31.2,806.2,994,1.3735,15/06/18,12:08:22
1474,70.7,31.2,805.1,980,1.3732,15/06/18,12:08:24
1475,70.7,31.2,805.1,980,1.3734,15/06/18,12:08:26
1476,70.1,31.2,803.8,977,1.3732,15/06/18,12:08:28
1477,69.3,31.2,803.8,977,1.3734,15/06/18,12:08:30
1478,69,31.2,804.3,990,1.3731,15/06/18,12:08:32
1479,69.2,31.2,804.3,990,1.3734,15/06/18,12:08:34
1480,69.3,31.2,806,973,1.3732,15/06/18,12:08:36
1481,69,31.2,806,973,1.3734,15/06/18,12:08:38
1482,68.7,31.2,806.4,986,1.3731,15/06/18,12:08:40
1483,68.6,31.2,806.4,986,1.3734,15/06/18,12:08:42
1484,68.5,31.2,806,976,1.3731,15/06/18,12:08:44
1485,68.4,31.2,806,976,1.3734,15/06/18,12:08:46
1486,68.2,31.2,804.4,970,1.3731,15/06/18,12:08:48
1487,68.3,31.2,804.4,970,1.3734,15/06/18,12:08:50
1488,68.1,31.2,804.3,972,1.3731,15/06/18,12:08:52
1489,67.5,31.2,804.3,972,1.3734,15/06/18,12:08:54
1490,67.5,31.2,804.1,956,1.3731,15/06/18,12:08:56
1491,68.3,31.2,804.1,956,1.3734,15/06/18,12:08:58
1492,68.9,31.2,805.7,972,1.3731,15/06/18,12:09:00
1493,68.9,31.2,805.7,972,1.3734,15/06/18,12:09:02
1494,68.8,31.2,806.2,987,1.3731,15/06/18,12:09:04
1495,68.8,31.2,806.2,987,1.3734,15/06/18,12:09:06
1496,68.7,31.2,806,976,1.3731,15/06/18,12:09:08
1497,68.8,31.2,806,976,1.3734,15/06/18,12:09:10
1498,69.4,31.2,804.7,963,1.3731,15/06/18,12:09:12
1499,70.2,31.2,804.7,963,1.3734,15/06/18,12:09:14
1500,70.7,31.2,803.9,957,1.3731,15/06/18,12:09:16
1501,70.6,31.2,803.9,957,1.3734,15/06/18,12:09:18
1502,70.3,31.2,804.8,958,1.3731,15/06/18,12:09:20
1503,70.3,31.2,804.8,958,1.3734,15/06/18,12:09:22
1504,70.5,31.2,806.1,978,1.3731,15/06/18,12:09:24
1505,71,31.2,806.1,978,1.3734,15/06/18,12:09:26
1506,71.6,31.2,806.3,992,1.3731,15/06/18,12:09:28
1507,71.6,31.2,806.3,992,1.3734,15/06/18,12:09:30
1508,71.3,31.2,806.3,978,1.3731,15/06/18,12:09:32
1509,71,31.2,806.3,978,1.3734,15/06/18,12:09:34
1510,70.8,31.2,804.9,975,1.3731,15/06/18,12:09:36
1511,70.6,31.2,804.9,975,1.3734,15/06/18,12:09:38
1512,70.6,31.2,803.9,968,1.3731,15/06/18,12:09:40
1513,70.4,31.2,803.9,968,1.3734,15/06/18,12:09:42
1514,70.2,31.2,804.7,968,1.3731,15/06/18,12:09:44
1515,70,31.2,804.7,968,1.3733,15/06/18,12:09:46
1516,69.6,31.2,806,990,1.373,15/06/18,12:09:48
1517,69.5,31.2,806,990,1.3733,15/06/18,12:09:50
1518,69.5,31.2,806.2,990,1.373,15/06/18,12:09:52
1519,69.5,31.2,806.2,990,1.3733,15/06/18,12:09:54
1520,69.5,31.2,806.2,972,1.373,15/06/18,12:09:56
1521,69.5,31.2,806.2,972,1.3733,15/06/18,12:09:58
1522,69.8,31.2,805,967,1.373,15/06/18,12:10:00
1523,70.3,31.2,805,967,1.3733,15/06/18,12:10:02
1524,70.6,31.2,803.8,958,1.373,15/06/18,12:10:04
1525,70.7,31.2,803.8,958,1.3733,15/06/18,12:10:06
1526,71,31.2,804.8,959,1.373,15/06/18,12:10:08
1527,71.1,31.2,804.8,959,1.3733,15/06/18,12:10:10
1528,71.2,31.2,806.1,980,1.373,15/06/18,12:10:12
1529,71.5,31.2,806.1,980,1.3733,15/06/18,12:10:14
1530,71.6,31.2,806.1,980,1.373,15/06/18,12:10:16
1531,71.3,31.2,806.1,980,1.3733,15/06/18,12:10:18
1532,70.9,31.2,805,967,1.373,15/06/18,12:10:20
1533,70.4,31.2,805,967,1.3733,15/06/18,12:10:22
1534,70.4,31.2,803.9,981,1.373,15/06/18,12:10:24
1535,70.8,31.2,803.9,981,1.3733,15/06/18,12:10:26
1536,71.4,31.2,805,962,1.373,15/06/18,12:10:28
1537,71.9,31.2,805,962,1.3733,15/06/18,12:10:30
1538,71.8,31.2,806,981,1.373,15/06/18,12:10:32
1539,71.6,31.2,806,981,1.3733,15/06/18,12:10:34
1540,71.8,31.2,806.2,981,1.373,15/06/18,12:10:36
1541,72.1,31.2,806.2,981,1.3733,15/06/18,12:10:38
1542,72.5,31.2,804.8,981,1.373,15/06/18,12:10:40
1543,72.7,31.2,804.8,981,1.3733,15/06/18,12:10:42
1544,72.7,31.2,804,981,1.3729,15/06/18,12:10:44
1545,72.5,31.2,804,981,1.3732,15/06/18,12:10:46
1546,71.9,31.2,805.3,971,1.373,15/06/18,12:10:48
1547,71.4,31.2,805.3,971,1.3732,15/06/18,12:10:50
1548,71.5,31.2,806.2,980,1.3729,15/06/18,12:10:52
1549,71.5,31.2,806.2,980,1.3732,15/06/18,12:10:54
1550,71.2,31.2,806,981,1.3729,15/06/18,12:10:56
1551,71.1,31.2,806,981,1.3732,15/06/18,12:10:58
1552,71,31.2,805.6,980,1.3729,15/06/18,12:11:00
1553,70.9,31.2,805.6,980,1.3732,15/06/18,12:11:02
1554,70.7,31.2,804.4,968,1.3729,15/06/18,12:11:04
1555,70.9,31.2,804.4,968,1.3732,15/06/18,12:11:06
1556,71.5,31.2,804.3,985,1.3729,15/06/18,12:11:08
1557,72.1,31.2,804.3,985,1.3732,15/06/18,12:11:10
1558,72.3,31.2,805.8,968,1.3729,15/06/18,12:11:12
1559,72.4,31.2,805.8,968,1.3732,15/06/18,12:11:14
1560,72.6,31.2,806.4,978,1.3729,15/06/18,12:11:16
1561,72.5,31.2,806.4,978,1.3732,15/06/18,12:11:18
1562,72,31.2,805.7,978,1.3729,15/06/18,12:11:20
1563,71.7,31.2,805.7,978,1.3732,15/06/18,12:11:22
1564,71.8,31.2,804.3,964,1.3729,15/06/18,12:11:24
1565,71.8,31.2,804.3,964,1.3732,15/06/18,12:11:26
1566,71.5,31.2,804.1,962,1.3729,15/06/18,12:11:28
1567,71,31.2,804.1,962,1.3732,15/06/18,12:11:30
1568,70.9,31.2,805.4,964,1.3728,15/06/18,12:11:32
1569,71.3,31.2,805.4,964,1.3731,15/06/18,12:11:34
1570,71.6,31.2,806.4,980,1.3728,15/06/18,12:11:36
1571,71.8,31.2,806.4,980,1.3731,15/06/18,12:11:38
1572,72.2,31.2,806.3,982,1.3728,15/06/18,12:11:40
1573,72.9,31.2,806.3,982,1.3731,15/06/18,12:11:42
1574,73.3,31.2,804.7,980,1.3728,15/06/18,12:11:44
1575,73,31.2,804.7,980,1.3731,15/06/18,12:11:46
1576,72.8,31.2,803.9,985,1.3728,15/06/18,12:11:48
1577,73,31.2,803.9,985,1.3731,15/06/18,12:11:50
1578,73.1,31.2,805,976,1.3728,15/06/18,12:11:52
1579,72.5,31.2,805,976,1.3731,15/06/18,12:11:54
1580,71.9,31.2,806.4,985,1.3728,15/06/18,12:11:56
1581,71.8,31.2,806.4,985,1.3731,15/06/18,12:11:58
1582,71.9,31.2,806.6,988,1.3728,15/06/18,12:12:00
1583,71.7,31.2,806.6,988,1.3731,15/06/18,12:12:02
1584,71.2,31.2,806.1,981,1.3728,15/06/18,12:12:04
1585,71.1,31.2,806.1,981,1.3731,15/06/18,12:12:06
1586,71.2,31.2,805,970,1.3728,15/06/18,12:12:08
1587,71.1,31.2,805,970,1.3731,15/06/18,12:12:10
1588,70.8,31.2,803.9,979,1.3728,15/06/18,12:12:12
1589,70.7,31.2,803.9,979,1.3731,15/06/18,12:12:14
1590,71.5,31.2,804.6,961,1.3727,15/06/18,12:12:16
1591,72.5,31.2,804.6,961,1.3731,15/06/18,12:12:18
1592,72.6,31.2,805.7,979,1.3728,15/06/18,12:12:20
1593,72.6,31.2,805.7,979,1.3731,15/06/18,12:12:22
1594,72.9,31.2,806.3,979,1.3727,15/06/18,12:12:24
1595,73.4,31.2,806.3,979,1.373,15/06/18,12:12:26
1596,73.8,31.2,805.5,971,1.3727,15/06/18,12:12:28
1597,74.2,31.2,805.5,971,1.373,15/06/18,12:12:30
1598,74.9,31.2,803.9,972,1.3727,15/06/18,12:12:32
1599,75.1,31.2,803.9,972,1.373,15/06/18,12:12:34
1600,74.4,31.2,804.5,956,1.3727,15/06/18,12:12:36
1601,73.7,31.2,804.5,956,1.373,15/06/18,12:12:38
1602,73.4,31.2,805.8,969,1.3727,15/06/18,12:12:40
1603,73.3,31.2,805.8,969,1.373,15/06/18,12:12:42
1604,73.2,31.2,806.6,981,1.3727,15/06/18,12:12:44
1605,73.2,31.2,806.6,981,1.373,15/06/18,12:12:46
1606,73.4,31.2,805.9,981,1.3727,15/06/18,12:12:48
1607,73.2,31.2,805.9,981,1.373,15/06/18,12:12:50
1608,72.8,31.2,804.3,971,1.3727,15/06/18,12:12:52
1609,73,31.2,804.3,971,1.373,15/06/18,12:12:54
1610,73.5,31.2,804.3,980,1.3727,15/06/18,12:12:56
1611,73.4,31.2,804.3,980,1.3729,15/06/18,12:12:58
1612,73,31.2,805.2,971,1.3726,15/06/18,12:13:00
1613,73.2,31.2,805.2,971,1.373,15/06/18,12:13:02
1614,73.6,31.2,806.2,979,1.3726,15/06/18,12:13:04
1615,73.8,31.2,806.2,979,1.373,15/06/18,12:13:06
1616,74,31.2,806.2,979,1.3726,15/06/18,12:13:08
1617,74.6,31.2,806.2,979,1.373,15/06/18,12:13:10
1618,75,31.2,806.1,974,1.3726,15/06/18,12:13:12
1619,75.1,31.2,806.1,974,1.3729,15/06/18,12:13:14
1620,75,31.2,804.8,965,1.3726,15/06/18,12:13:16
1621,75.5,31.2,804.8,965,1.3729,15/06/18,12:13:18
1622,76.2,31.2,804,959,1.3726,15/06/18,12:13:20
1623,76.5,31.2,804,959,1.3729,15/06/18,12:13:22
1624,76.3,31.2,805.1,962,1.3726,15/06/18,12:13:24
1625,76,31.2,805.1,962,1.3729,15/06/18,12:13:26
1626,75.5,31.2,806,980,1.3726,15/06/18,12:13:28
1627,74.8,31.2,806,980,1.3729,15/06/18,12:13:30
1628,74.5,31.2,806.3,980,1.3726,15/06/18,12:13:32
1629,74.4,31.2,806.3,980,1.3729,15/06/18,12:13:34
1630,74.6,31.2,805.4,967,1.3726,15/06/18,12:13:36
1631,75.2,31.2,805.4,967,1.3729,15/06/18,12:13:38
1632,75.6,31.2,803.8,963,1.3726,15/06/18,12:13:40
1633,75.6,31.2,803.8,963,1.3729,15/06/18,12:13:42
1634,75.6,31.2,804.2,948,1.3726,15/06/18,12:13:44
1635,75.8,31.2,804.2,948,1.3729,15/06/18,12:13:46
1636,76.3,31.2,805.5,963,1.3726,15/06/18,12:13:48
1637,76.8,31.2,805.5,963,1.3729,15/06/18,12:13:50
1638,76.7,31.2,806.2,982,1.3726,15/06/18,12:13:52
1639,76.3,31.2,806.2,982,1.3729,15/06/18,12:13:54
1640,75.8,31.2,806.1,982,1.3725,15/06/18,12:13:56
1641,75.2,31.2,806.1,982,1.3729,15/06/18,12:13:58
1642,74.7,31.2,804.3,964,1.3725,15/06/18,12:14:00
1643,74.3,31.2,804.3,964,1.3728,15/06/18,12:14:02
1644,73.9,31.2,803.9,983,1.3725,15/06/18,12:14:04
1645,73.5,31.2,803.9,983,1.3728,15/06/18,12:14:06
1646,73.1,31.2,805.1,963,1.3725,15/06/18,12:14:08
1647,73,31.2,805.1,963,1.3728,15/06/18,12:14:10
1648,73.4,31.2,806,983,1.3725,15/06/18,12:14:12
1649,73.7,31.2,806,983,1.3728,15/06/18,12:14:14
1650,73.4,31.2,806,985,1.3725,15/06/18,12:14:16
1651,73,31.2,806,985,1.3728,15/06/18,12:14:18
1652,73.1,31.2,806,985,1.3725,15/06/18,12:14:20
1653,73.6,31.2,806,985,1.3728,15/06/18,12:14:22
1654,73.8,31.2,804.8,988,1.3725,15/06/18,12:14:24
1655,73.7,31.2,804.8,988,1.3728,15/06/18,12:14:26
1656,73.5,31.2,804,976,1.3725,15/06/18,12:14:28
1657,73.3,31.2,804,976,1.3728,15/06/18,12:14:30
1658,73.4,31.2,804.5,978,1.3725,15/06/18,12:14:32
1659,74,31.2,804.5,978,1.3728,15/06/18,12:14:34
1660,74.6,31.2,806,995,1.3724,15/06/18,12:14:36
1661,75,31.2,806,995,1.3728,15/06/18,12:14:38
1662,74.8,31.2,806.6,995,1.3724,15/06/18,12:14:40
1663,74.6,31.2,806.6,995,1.3728,15/06/18,12:14:42
1664,74.9,31.2,805.4,980,1.3724,15/06/18,12:14:44
1665,75.3,31.2,805.4,980,1.3727,15/06/18,12:14:46
1666,75.5,31.2,804.1,974,1.3724,15/06/18,12:14:48
1667,75.4,31.2,804.1,974,1.3727,15/06/18,12:14:50
1668,75.1,31.2,804.4,969,1.3724,15/06/18,12:14:52
1669,74.8,31.2,804.4,969,1.3727,15/06/18,12:14:54
1670,74.7,31.2,806,974,1.3724,15/06/18,12:14:56
1671,74.9,31.2,806,974,1.3727,15/06/18,12:14:58
1672,75.1,31.2,806.2,974,1.3724,15/06/18,12:15:00
1673,75.1,31.2,806.2,974,1.3727,15/06/18,12:15:02
1674,74.9,31.2,804.9,974,1.3724,15/06/18,12:15:04
1675,74.7,31.2,804.9,974,1.3727,15/06/18,12:15:06
1676,74.5,31.2,803.7,973,1.3724,15/06/18,12:15:08
1677,74.3,31.2,803.7,973,1.3727,15/06/18,12:15:10
1678,73.9,31.2,804.6,986,1.3724,15/06/18,12:15:12
1679,73.6,31.2,804.6,986,1.3727,15/06/18,12:15:14
1680,73.7,31.2,805.9,972,1.3724,15/06/18,12:15:16
1681,73.6,31.2,805.9,972,1.3727,15/06/18,12:15:18
1682,73.2,31.2,806.2,983,1.3724,15/06/18,12:15:20
1683,73.1,31.2,806.2,983,1.3727,15/06/18,12:15:22
1684,73.6,31.2,806.3,983,1.3723,15/06/18,12:15:24
1685,74.3,31.2,806.3,983,1.3727,15/06/18,12:15:26
1686,74.7,31.2,805.3,985,1.3723,15/06/18,12:15:28
1687,75.2,31.2,805.3,985,1.3726,15/06/18,12:15:30
1688,75.9,31.2,804,985,1.3723,15/06/18,12:15:32
1689,76.4,31.2,804,985,1.3726,15/06/18,12:15:34
1690,76.8,31.2,804,966,1.3723,15/06/18,12:15:36
1691,77.2,31.2,804,966,1.3726,15/06/18,12:15:38
1692,77.9,31.2,805.3,980,1.3723,15/06/18,12:15:40
1693,78.1,31.2,805.3,980,1.3726,15/06/18,12:15:42
1694,77.8,31.2,806.1,998,1.3723,15/06/18,12:15:44
1695,77.8,31.2,806.1,998,1.3726,15/06/18,12:15:46
1696,78.1,31.2,806.1,987,1.3723,15/06/18,12:15:48
1697,78.2,31.2,806.1,987,1.3726,15/06/18,12:15:50
1698,78,31.2,804.9,969,1.3723,15/06/18,12:15:52
1699,78,31.2,804.9,969,1.3726,15/06/18,12:15:54
1700,78,31.2,803.9,981,1.3723,15/06/18,12:15:56
1701,77.8,31.2,803.9,981,1.3726,15/06/18,12:15:58
1702,77.5,31.2,805,964,1.3723,15/06/18,12:16:00
1703,77.4,31.2,805,964,1.3726,15/06/18,12:16:02
1704,77.3,31.2,806.1,981,1.3723,15/06/18,12:16:04
1705,76.8,31.2,806.1,981,1.3726,15/06/18,12:16:06
1706,76.2,31.2,806.3,981,1.3722,15/06/18,12:16:08
1707,75.8,31.2,806.3,981,1.3726,15/06/18,12:16:10
1708,75.7,31.2,804.6,981,1.3722,15/06/18,12:16:12
1709,75.7,31.2,804.6,981,1.3725,15/06/18,12:16:14
1710,75.5,31.2,803.8,977,1.3722,15/06/18,12:16:16
1711,75.4,31.2,803.8,977,1.3726,15/06/18,12:16:18
1712,75.7,31.2,805,987,1.3722,15/06/18,12:16:20
1713,76.3,31.2,805,987,1.3725,15/06/18,12:16:22
1714,76.9,31.2,805.2,979,1.3722,15/06/18,12:16:24
1715,77.3,31.2,805.2,979,1.3725,15/06/18,12:16:26
1716,77.2,31.2,806.2,985,1.3722,15/06/18,12:16:28
1717,76.9,31.2,806.2,985,1.3725,15/06/18,12:16:30
1718,76.7,31.2,806.2,985,1.3722,15/06/18,12:16:32
1719,76.7,31.2,806.2,985,1.3725,15/06/18,12:16:34
1720,76.8,31.2,804.8,980,1.3722,15/06/18,12:16:36
1721,76.7,31.2,804.8,980,1.3725,15/06/18,12:16:38
1722,76,31.2,804,999,1.3722,15/06/18,12:16:40
1723,75.3,31.2,804,999,1.3725,15/06/18,12:16:42
1724,74.8,31.2,805.2,975,1.3721,15/06/18,12:16:44
1725,74.8,31.2,805.2,975,1.3725,15/06/18,12:16:46
1726,75.2,31.2,806.3,996,1.3721,15/06/18,12:16:48
1727,75.6,31.2,806.3,996,1.3724,15/06/18,12:16:50
1728,75.9,31.2,806,996,1.3721,15/06/18,12:16:52
1729,76.2,31.2,806,996,1.3724,15/06/18,12:16:54
1730,76.2,31.2,804.8,983,1.3721,15/06/18,12:16:56
1731,76.4,31.2,804.8,983,1.3724,15/06/18,12:16:58
1732,76.9,31.2,804,979,1.3721,15/06/18,12:17:00
1733,77.1,31.2,804,979,1.3724,15/06/18,12:17:02
1734,76.7,31.2,805.2,998,1.3721,15/06/18,12:17:04
1735,76.2,31.2,805.2,998,1.3724,15/06/18,12:17:06
1736,75.7,31.2,806.1,979,1.3721,15/06/18,12:17:08
1737,75.6,31.2,806.1,979,1.3724,15/06/18,12:17:10
1738,75.5,31.2,806.2,979,1.372,15/06/18,12:17:12
1739,75.3,31.2,806.2,979,1.3724,15/06/18,12:17:14
1740,75.1,31.2,804.8,978,1.372,15/06/18,12:17:16
1741,75.1,31.2,804.8,978,1.3723,15/06/18,12:17:18
1742,75.1,31.2,804,980,1.372,15/06/18,12:17:20
1743,75,31.2,804,980,1.3723,15/06/18,12:17:22
1744,75,31.2,805.1,978,1.372,15/06/18,12:17:24
1745,74.9,31.2,805.1,978,1.3723,15/06/18,12:17:26
1746,74.9,31.2,805.2,980,1.372,15/06/18,12:17:28
1747,75.1,31.2,805.2,980,1.3723,15/06/18,12:17:30
1748,75.1,31.2,806.4,997,1.372,15/06/18,12:17:32
1749,74.8,31.2,806.4,997,1.3723,15/06/18,12:17:34
1750,74.6,31.2,806,982,1.372,15/06/18,12:17:36
1751,74.3,31.2,806,982,1.3723,15/06/18,12:17:38
1752,74.2,31.2,804.3,981,1.372,15/06/18,12:17:40
1753,74.4,31.2,804.3,981,1.3723,15/06/18,12:17:42
1754,74.9,31.2,804.1,980,1.372,15/06/18,12:17:44
1755,75.4,31.2,804.1,980,1.3723,15/06/18,12:17:46
1756,75.7,31.2,805.7,981,1.3719,15/06/18,12:17:48
1757,75.8,31.2,805.7,981,1.3723,15/06/18,12:17:50
1758,75.8,31.2,806.4,998,1.3719,15/06/18,12:17:52
1759,75.9,31.2,806.4,998,1.3722,15/06/18,12:17:54
1760,75.8,31.2,805.6,998,1.3719,15/06/18,12:17:56
1761,75.7,31.2,805.6,998,1.3722,15/06/18,12:17:58
1762,75.7,31.2,804.1,982,1.3719,15/06/18,12:18:00
1763,75.9,31.2,804.1,982,1.3722,15/06/18,12:18:02
1764,75.9,31.2,804.1,989,1.3719,15/06/18,12:18:04
1765,75.7,31.2,804.1,989,1.3722,15/06/18,12:18:06
1766,75.5,31.2,805.7,968,1.3719,15/06/18,12:18:08
1767,75.5,31.2,805.7,968,1.3722,15/06/18,12:18:10
1768,75.6,31.2,806.2,986,1.3719,15/06/18,12:18:12
1769,75.6,31.2,806.2,986,1.3722,15/06/18,12:18:14
1770,75.7,31.2,806,986,1.3719,15/06/18,12:18:16
1771,76.1,31.2,806,986,1.3722,15/06/18,12:18:18
1772,76.4,31.2,804.5,986,1.3718,15/06/18,12:18:20
1773,76.2,31.2,804.5,986,1.3721,15/06/18,12:18:22
1774,76,31.2,804,986,1.3718,15/06/18,12:18:24
1775,76.3,31.2,804,986,1.3721,15/06/18,12:18:26
1776,76.9,31.2,805.1,985,1.3718,15/06/18,12:18:28
1777,77.1,31.2,805.1,985,1.3721,15/06/18,12:18:30
1778,77.4,31.2,805.4,986,1.3718,15/06/18,12:18:32
1779,77.9,31.2,805.4,986,1.3721,15/06/18,12:18:34
1780,78.1,31.2,806.1,1006,1.3718,15/06/18,12:18:36
1781,78.1,31.2,806.1,1006,1.3721,15/06/18,12:18:38
1782,77.9,31.2,806.4,991,1.3718,15/06/18,12:18:40
1783,77.4,31.2,806.4,991,1.3721,15/06/18,12:18:42
1784,77.4,31.2,805.1,989,1.3717,15/06/18,12:18:44
1785,77.9,31.2,805.1,989,1.3721,15/06/18,12:18:46
1786,77.9,31.2,803.8,977,1.3718,15/06/18,12:18:48
1787,77.5,31.2,803.8,977,1.3721,15/06/18,12:18:50
1788,76.9,31.2,804.7,978,1.3717,15/06/18,12:18:52
1789,76.5,31.2,804.7,978,1.372,15/06/18,12:18:54
1790,76.3,31.2,805.9,997,1.3717,15/06/18,12:18:56
1791,76.1,31.2,805.9,997,1.372,15/06/18,12:18:58
1792,76.1,31.2,806.4,999,1.3717,15/06/18,12:19:00
1793,76.9,31.2,806.4,999,1.372,15/06/18,12:19:02
1794,77.3,31.2,806.1,982,1.3717,15/06/18,12:19:04
1795,76.9,31.2,806.1,982,1.372,15/06/18,12:19:06
1796,76.6,31.2,804.4,973,1.3717,15/06/18,12:19:08
1797,77.1,31.2,804.4,973,1.372,15/06/18,12:19:10
1798,77.8,31.2,803.5,990,1.3717,15/06/18,12:19:12
1799,78.4,31.2,803.5,990,1.372,15/06/18,12:19:14
1800,79,31.2,804.7,972,1.3717,15/06/18,12:19:16
1801,79.5,31.2,804.7,972,1.372,15/06/18,12:19:18
1802,79.4,31.2,805.7,994,1.3716,15/06/18,12:19:20
1803,79,31.2,805.7,994,1.372,15/06/18,12:19:22
1804,78.9,31.2,806.5,994,1.3716,15/06/18,12:19:24
1805,78.9,31.2,806.5,994,1.3719,15/06/18,12:19:26
1806,78.9,31.2,805.7,983,1.3716,15/06/18,12:19:28
1807,78.5,31.2,805.7,983,1.3719,15/06/18,12:19:30
1808,77.9,31.2,804.3,978,1.3716,15/06/18,12:19:32
1809,77.5,31.2,804.3,978,1.3719,15/06/18,12:19:34
1810,77.1,31.2,803.9,958,1.3716,15/06/18,12:19:36
1811,76.7,31.2,803.9,958,1.3719,15/06/18,12:19:38
1812,76.7,31.2,803.9,965,1.3716,15/06/18,12:19:40
1813,77,31.2,803.9,965,1.3719,15/06/18,12:19:42
1814,77.1,31.2,805.5,983,1.3716,15/06/18,12:19:44
1815,76.7,31.2,805.5,983,1.3719,15/06/18,12:19:46
1816,76.3,31.2,806.1,997,1.3715,15/06/18,12:19:48
1817,76.7,31.2,806.1,997,1.3719,15/06/18,12:19:50
1818,77.3,31.2,806.1,981,1.3715,15/06/18,12:19:52
1819,77.5,31.2,806.1,981,1.3719,15/06/18,12:19:54
1820,77.9,31.2,804.3,978,1.3715,15/06/18,12:19:56
1821,78.5,31.2,804.3,978,1.3718,15/06/18,12:19:58
1822,78.6,31.2,803.5,963,1.3715,15/06/18,12:20:00
1823,78.2,31.2,803.5,963,1.3718,15/06/18,12:20:02
1824,77.9,31.2,804.5,974,1.3715,15/06/18,12:20:04
1825,78.2,31.2,804.5,974,1.3718,15/06/18,12:20:06
1826,78.7,31.2,805.5,991,1.3715,15/06/18,12:20:08
1827,78.7,31.2,805.5,991,1.3718,15/06/18,12:20:10
1828,78.5,31.2,805.7,999,1.3715,15/06/18,12:20:12
1829,78.6,31.2,805.7,999,1.3718,15/06/18,12:20:14
1830,78.5,31.2,805.4,989,1.3715,15/06/18,12:20:16
1831,78.3,31.2,805.4,989,1.3718,15/06/18,12:20:18
1832,78.3,31.2,804,980,1.3714,15/06/18,12:20:20
1833,78.7,31.2,804,980,1.3718,15/06/18,12:20:22
1834,79.2,31.2,803.5,981,1.3714,15/06/18,12:20:24
1835,79.7,31.2,803.5,981,1.3718,15/06/18,12:20:26
1836,80.2,31.2,804.7,979,1.3714,15/06/18,12:20:28
1837,80.5,31.2,804.7,979,1.3717,15/06/18,12:20:30
1838,80.4,31.2,805.9,1000,1.3714,15/06/18,12:20:32
1839,80.1,31.2,805.9,1000,1.3717,15/06/18,12:20:34
1840,79.5,31.2,805.5,1000,1.3714,15/06/18,12:20:36
1841,79.3,31.2,805.5,1000,1.3717,15/06/18,12:20:38
1842,79.8,31.2,804.3,986,1.3714,15/06/18,12:20:40
1843,80.1,31.2,804.3,986,1.3717,15/06/18,12:20:42
1844,80.3,31.2,803.7,977,1.3713,15/06/18,12:20:44
1845,80.3,31.2,803.7,977,1.3717,15/06/18,12:20:46
1846,80.3,31.2,803.8,964,1.3713,15/06/18,12:20:48
1847,80.4,31.2,803.8,964,1.3717,15/06/18,12:20:50
1848,80.5,31.2,805.1,970,1.3713,15/06/18,12:20:52
1849,80.4,31.2,805.1,970,1.3717,15/06/18,12:20:54
1850,80.8,31.2,805.9,988,1.3713,15/06/18,12:20:56
1851,81.4,31.2,805.9,988,1.3717,15/06/18,12:20:58
1852,81.3,31.2,805.6,988,1.3713,15/06/18,12:21:00
1853,80.7,31.2,805.6,988,1.3716,15/06/18,12:21:02
1854,79.9,31.2,804.3,965,1.3713,15/06/18,12:21:04
1855,79.3,31.2,804.3,965,1.3716,15/06/18,12:21:06
1856,78.9,31.2,803.4,984,1.3713,15/06/18,12:21:08
1857,78.6,31.2,803.4,984,1.3716,15/06/18,12:21:10
1858,78.7,31.2,804.6,962,1.3713,15/06/18,12:21:12
1859,78.9,31.2,804.6,962,1.3716,15/06/18,12:21:14
1860,78.9,31.2,805.5,984,1.3712,15/06/18,12:21:16
1861,78.7,31.2,805.5,984,1.3716,15/06/18,12:21:18
1862,78.9,31.2,805.9,991,1.3712,15/06/18,12:21:20
1863,79.4,31.2,805.9,991,1.3716,15/06/18,12:21:22
1864,79.8,31.2,805.2,984,1.3712,15/06/18,12:21:24
1865,79.9,31.2,805.2,984,1.3715,15/06/18,12:21:26
1866,79.8,31.2,803.7,979,1.3712,15/06/18,12:21:28
1867,80,31.2,803.7,979,1.3715,15/06/18,12:21:30
1868,80.2,31.2,803.7,992,1.3712,15/06/18,12:21:32
1869,80.6,31.2,803.7,992,1.3715,15/06/18,12:21:34
1870,81.2,31.2,805.2,975,1.3712,15/06/18,12:21:36
1871,81.5,31.2,805.2,975,1.3715,15/06/18,12:21:38
1872,81.4,31.2,806.1,992,1.3712,15/06/18,12:21:40
1873,81.1,31.2,806.1,992,1.3715,15/06/18,12:21:42
1874,81.1,31.2,805.8,992,1.3711,15/06/18,12:21:44
1875,81.3,31.2,805.8,992,1.3715,15/06/18,12:21:46
1876,81.5,31.2,805.3,977,1.3711,15/06/18,12:21:48
1877,81.5,31.2,805.3,977,1.3715,15/06/18,12:21:50
1878,81.5,31.2,804,971,1.3711,15/06/18,12:21:52
1879,81.6,31.2,804,971,1.3714,15/06/18,12:21:54
1880,81.1,31.2,803.6,957,1.3711,15/06/18,12:21:56
1881,80.4,31.2,803.6,957,1.3714,15/06/18,12:21:58
1882,80.1,31.2,804.9,966,1.3711,15/06/18,12:22:00
1883,80.3,31.2,804.9,966,1.3714,15/06/18,12:22:02
1884,80.5,31.2,805.7,984,1.3711,15/06/18,12:22:04
1885,80.7,31.2,805.7,984,1.3714,15/06/18,12:22:06
1886,81.1,31.2,805.5,981,1.3711,15/06/18,12:22:08
1887,81.6,31.2,805.5,981,1.3714,15/06/18,12:22:10
1888,81.7,31.2,804.1,967,1.3711,15/06/18,12:22:12
1889,81.3,31.2,804.1,967,1.3714,15/06/18,12:22:14
1890,81,31.2,803.4,983,1.3711,15/06/18,12:22:16
1891,81.1,31.2,803.4,983,1.3714,15/06/18,12:22:18
1892,81.2,31.2,804.7,963,1.371,15/06/18,12:22:20
1893,81.4,31.2,804.7,963,1.3714,15/06/18,12:22:22
1894,81.4,31.2,805.7,982,1.371,15/06/18,12:22:24
1895,80.8,31.2,805.7,982,1.3713,15/06/18,12:22:26
1896,80.1,31.2,805.8,983,1.371,15/06/18,12:22:28
1897,79.4,31.2,805.8,983,1.3713,15/06/18,12:22:30
1898,78.5,31.2,804.7,982,1.371,15/06/18,12:22:32
1899,78.3,31.2,804.7,982,1.3713,15/06/18,12:22:34
1900,78.8,31.2,803.2,979,1.371,15/06/18,12:22:36
1901,79.1,31.2,803.2,979,1.3713,15/06/18,12:22:38
1902,79,31.2,804.2,997,1.371,15/06/18,12:22:40
1903,78.6,31.2,804.2,997,1.3713,15/06/18,12:22:42
1904,78.6,31.2,805.3,979,1.371,15/06/18,12:22:44
1905,79.2,31.2,805.3,979,1.3713,15/06/18,12:22:46
1906,79.9,31.2,806.1,991,1.3709,15/06/18,12:22:48
1907,80.7,31.2,806.1,991,1.3713,15/06/18,12:22:50
1908,81.5,31.2,805.8,981,1.3709,15/06/18,12:22:52
1909,81.8,31.2,805.8,981,1.3713,15/06/18,12:22:54
1910,81.7,31.2,804.9,981,1.3709,15/06/18,12:22:56
1911,82.1,31.2,804.9,981,1.3712,15/06/18,12:22:58
1912,82.3,31.2,803.3,982,1.3709,15/06/18,12:23:00
1913,82,31.2,803.3,982,1.3712,15/06/18,12:23:02
1914,82,31.2,804,970,1.3709,15/06/18,12:23:04
1915,82.4,31.2,804,970,1.3712,15/06/18,12:23:06
1916,82.2,31.2,805.5,981,1.3709,15/06/18,12:23:08
1917,81.5,31.2,805.5,981,1.3712,15/06/18,12:23:10
1918,81.2,31.2,805.9,975,1.3708,15/06/18,12:23:12
1919,81.5,31.2,805.9,975,1.3712,15/06/18,12:23:14
1920,81.7,31.2,804.8,976,1.3708,15/06/18,12:23:16
1921,81.3,31.2,804.8,976,1.3712,15/06/18,12:23:18
1922,80.9,31.2,803.6,966,1.3708,15/06/18,12:23:20
1923,80.9,31.2,803.6,966,1.3711,15/06/18,12:23:22
1924,80.8,31.2,803.9,965,1.3708,15/06/18,12:23:24
1925,80.5,31.2,803.9,965,1.3711,15/06/18,12:23:26
1926,80.7,31.2,805.4,965,1.3708,15/06/18,12:23:28
1927,81.3,31.2,805.4,965,1.3711,15/06/18,12:23:30
1928,81.8,31.2,805.9,969,1.3708,15/06/18,12:23:32
1929,81.7,31.2,805.9,969,1.3711,15/06/18,12:23:34
1930,81.3,31.2,805.3,969,1.3707,15/06/18,12:23:36
1931,81.6,31.2,805.3,969,1.3711,15/06/18,12:23:38
1932,82.5,31.2,804,963,1.3707,15/06/18,12:23:40
1933,83.3,31.2,804,963,1.3711,15/06/18,12:23:42
1934,83.7,31.2,803.6,976,1.3707,15/06/18,12:23:44
1935,83.6,31.2,803.6,976,1.3711,15/06/18,12:23:46
1936,83.2,31.2,804.5,962,1.3707,15/06/18,12:23:48
-1,82.4,31.2,804.5,962,1.371,15/06/18,12:24:06
