Timestamp,ID,Temp,Humidity,CO,NOX,HEATER ON
12:00:01,A81B6A77FEE8,32.389,15.375,5,1906,1
12:00:06,A81B6A77FEE8,32.359,15.375,5,1907,1
12:00:11,A81B6A77FEE8,32.318,15.375,5,1910,1
12:00:16,A81B6A77FEE8,32.268,15.375,5,1915,1
12:00:22,A81B6A77FEE8,32.288,15.375,5,1916,1
12:00:27,A81B6A77FEE8,32.328,15.277,5,1921,1
12:00:32,A81B6A77FEE8,32.349,15.375,5,1923,1
12:00:37,A81B6A77FEE8,32.328,15.375,5,1927,1
12:00:42,A81B6A77FEE8,32.419,15.375,5,1928,1
12:00:47,A81B6A77FEE8,32.248,15.375,6,1936,1
12:00:52,A81B6A77FEE8,32.328,15.277,5,1938,1
12:00:58,A81B6A77FEE8,32.359,15.375,6,1942,1
12:01:03,A81B6A77FEE8,32.359,15.375,5,1945,1
12:01:08,A81B6A77FEE8,32.369,15.375,5,1947,1
12:01:13,A81B6A77FEE8,32.318,15.375,6,1953,1
12:01:18,A81B6A77FEE8,32.349,15.375,5,1957,1
12:01:23,A81B6A77FEE8,32.349,15.375,6,1959,1
12:01:28,A81B6A77FEE8,32.328,15.375,6,1962,1
12:01:34,A81B6A77FEE8,32.359,15.375,6,1965,1
12:01:39,A81B6A77FEE8,32.399,15.375,5,1968,1
12:01:44,A81B6A77FEE8,32.328,15.375,5,1969,1
12:01:49,A81B6A77FEE8,32.419,15.375,6,1971,1
12:01:54,A81B6A77FEE8,32.359,15.375,5,1973,1
12:01:59,A81B6A77FEE8,32.369,15.375,5,1973,1
12:02:04,A81B6A77FEE8,32.419,15.375,5,1975,1
12:02:09,A81B6A77FEE8,32.389,15.375,5,1980,1
12:02:15,A81B6A77FEE8,32.389,15.375,5,1983,1
12:02:20,A81B6A77FEE8,32.359,15.375,5,1985,1
12:02:25,A81B6A77FEE8,32.419,15.375,6,1987,1
12:02:30,A81B6A77FEE8,32.349,15.375,6,1989,1
12:02:35,A81B6A77FEE8,32.389,15.375,6,1990,1
12:02:40,A81B6A77FEE8,32.349,15.375,5,1991,1
12:02:45,A81B6A77FEE8,32.429,15.369,6,1993,1
12:02:51,A81B6A77FEE8,32.369,15.375,5,1994,1
12:02:56,A81B6A77FEE8,32.369,15.375,6,1995,1
12:03:01,A81B6A77FEE8,32.429,15.369,6,1996,1
12:03:06,A81B6A77FEE8,32.419,15.375,6,1998,1
12:03:11,A81B6A77FEE8,32.399,15.375,5,1998,1
12:03:16,A81B6A77FEE8,32.328,15.375,5,1998,1
12:03:21,A81B6A77FEE8,32.439,15.369,5,1999,1
12:03:27,A81B6A77FEE8,32.439,15.369,6,1999,1
12:03:32,A81B6A77FEE8,32.469,15.369,5,1997,1
12:03:37,A81B6A77FEE8,32.369,15.375,6,1998,1
12:03:42,A81B6A77FEE8,32.469,15.369,5,1998,1
12:03:47,A81B6A77FEE8,32.389,15.375,5,2001,1
12:03:52,A81B6A77FEE8,32.369,15.375,6,2001,1
12:03:57,A81B6A77FEE8,32.439,15.369,5,2002,1
12:04:02,A81B6A77FEE8,32.419,15.375,5,2003,1
12:04:08,A81B6A77FEE8,32.369,15.375,6,2003,1
12:04:13,A81B6A77FEE8,32.369,15.375,5,2003,1
12:04:18,A81B6A77FEE8,32.389,15.375,5,2003,1
12:04:23,A81B6A77FEE8,32.369,15.375,6,2003,1
12:04:28,A81B6A77FEE8,32.419,15.375,6,2004,1
12:04:33,A81B6A77FEE8,32.399,15.472,5,2004,1
12:04:38,A81B6A77FEE8,32.399,15.375,5,2004,1
12:04:44,A81B6A77FEE8,32.349,15.472,5,2002,1
12:04:49,A81B6A77FEE8,32.439,15.369,5,2004,1
12:04:54,A81B6A77FEE8,32.469,15.369,5,2004,1
12:04:59,A81B6A77FEE8,32.419,15.375,5,2000,1
12:05:04,A81B6A77FEE8,32.429,15.369,5,2000,1
12:05:09,A81B6A77FEE8,32.419,15.375,5,2000,1
12:05:14,A81B6A77FEE8,32.389,15.375,5,1999,1
12:05:19,A81B6A77FEE8,32.349,15.375,5,2000,1
12:05:25,A81B6A77FEE8,32.389,15.375,5,2000,1
12:05:30,A81B6A77FEE8,32.399,15.375,5,2000,1
12:05:35,A81B6A77FEE8,32.399,15.375,5,2000,1
12:05:40,A81B6A77FEE8,32.369,15.375,5,1999,1
12:05:45,A81B6A77FEE8,32.429,15.369,5,1998,1
12:05:50,A81B6A77FEE8,32.349,15.472,5,1998,1
12:05:55,A81B6A77FEE8,32.389,15.375,5,1998,1
12:06:01,A81B6A77FEE8,32.48,15.369,5,1998,1
12:06:06,A81B6A77FEE8,32.429,15.369,5,1998,1
12:06:11,A81B6A77FEE8,32.48,15.369,5,1998,1
12:06:16,A81B6A77FEE8,32.389,15.375,5,1997,1
12:06:21,A81B6A77FEE8,32.419,15.375,5,1998,1
12:06:26,A81B6A77FEE8,32.389,15.375,5,1998,1
12:06:31,A81B6A77FEE8,32.389,15.375,5,1998,1
12:06:37,A81B6A77FEE8,32.439,15.466,5,1999,1
12:06:42,A81B6A77FEE8,32.419,15.375,5,1997,1
12:06:47,A81B6A77FEE8,32.369,15.375,5,1999,1
12:06:52,A81B6A77FEE8,32.52,15.369,5,1999,1
12:06:57,A81B6A77FEE8,32.439,15.369,5,1999,1
12:07:02,A81B6A77FEE8,32.49,15.369,5,1999,1
12:07:07,A81B6A77FEE8,32.49,15.369,5,1998,1
12:07:13,A81B6A77FEE8,32.469,15.369,5,1998,1
12:07:18,A81B6A77FEE8,32.54,15.369,5,1998,1
12:07:23,A81B6A77FEE8,32.439,15.369,5,1998,1
12:07:28,A81B6A77FEE8,32.51,15.369,5,1997,1
12:07:33,A81B6A77FEE8,32.52,15.369,5,1997,1
12:07:38,A81B6A77FEE8,32.439,15.369,5,1995,1
12:07:43,A81B6A77FEE8,32.54,15.369,5,1996,1
12:07:48,A81B6A77FEE8,32.55,15.369,5,1994,1
12:07:54,A81B6A77FEE8,32.55,15.271,5,1996,1
12:07:59,A81B6A77FEE8,32.51,15.369,5,1993,1
12:08:04,A81B6A77FEE8,32.57,15.271,5,1996,1
12:08:09,A81B6A77FEE8,32.59,15.369,5,1995,1
12:08:14,A81B6A77FEE8,32.58,15.271,5,1996,1
12:08:19,A81B6A77FEE8,32.641,15.271,5,1995,1
12:08:24,A81B6A77FEE8,32.57,15.271,5,1993,1
12:08:30,A81B6A77FEE8,32.58,15.369,5,1994,1
12:08:35,A81B6A77FEE8,32.661,15.271,5,1994,1
12:08:40,A81B6A77FEE8,32.54,15.271,5,1994,1
12:08:45,A81B6A77FEE8,32.61,15.271,5,1994,1
12:08:50,A81B6A77FEE8,32.772,15.259,5,1993,1
12:08:55,A81B6A77FEE8,32.641,15.271,5,1993,1
12:09:00,A81B6A77FEE8,32.691,15.259,5,1993,1
12:09:06,A81B6A77FEE8,32.641,15.271,5,1992,1
12:09:11,A81B6A77FEE8,32.691,15.259,5,1991,1
12:09:16,A81B6A77FEE8,32.741,15.259,5,1991,1
12:09:21,A81B6A77FEE8,32.641,15.173,5,1989,1
12:09:26,A81B6A77FEE8,32.661,15.271,5,1990,1
12:09:31,A81B6A77FEE8,32.661,15.173,5,1990,1
12:09:36,A81B6A77FEE8,32.792,15.259,5,1990,1
12:09:41,A81B6A77FEE8,32.711,15.161,5,4095,1
12:09:47,A81B6A77FEE8,32.762,15.161,5,1989,1
12:09:52,A81B6A77FEE8,32.792,15.161,5,1988,1
12:09:57,A81B6A77FEE8,32.731,15.161,5,1986,1
12:10:02,A81B6A77FEE8,32.772,15.259,5,1987,1
12:10:07,A81B6A77FEE8,32.802,15.161,5,1987,1
12:10:12,A81B6A77FEE8,32.772,15.161,5,1986,1
12:10:17,A81B6A77FEE8,32.772,15.161,5,1986,1
12:10:23,A81B6A77FEE8,32.731,15.161,5,1986,1
12:10:28,A81B6A77FEE8,32.731,15.161,5,1983,1
12:10:33,A81B6A77FEE8,32.862,15.161,5,1985,1
12:10:38,A81B6A77FEE8,32.842,15.161,5,1985,1
12:10:43,A81B6A77FEE8,32.741,15.161,5,1983,1
12:10:48,A81B6A77FEE8,32.792,15.161,5,1983,1
12:10:53,A81B6A77FEE8,32.882,15.161,5,1983,1
12:10:59,A81B6A77FEE8,32.792,15.161,5,1980,1
12:11:04,A81B6A77FEE8,32.862,15.161,5,1979,1
12:11:09,A81B6A77FEE8,32.923,15.161,5,1979,1
12:11:14,A81B6A77FEE8,32.812,15.161,5,1979,1
12:11:19,A81B6A77FEE8,32.802,15.161,5,1978,1
12:11:24,A81B6A77FEE8,32.802,15.161,5,1977,1
12:11:29,A81B6A77FEE8,32.812,15.161,5,1977,1
12:11:34,A81B6A77FEE8,32.802,15.161,5,1976,1
12:11:40,A81B6A77FEE8,32.882,15.161,5,1974,1
12:11:45,A81B6A77FEE8,32.812,15.161,5,1975,1
12:11:50,A81B6A77FEE8,32.913,15.161,5,1974,1
12:11:55,A81B6A77FEE8,32.862,15.161,5,1974,1
12:12:00,A81B6A77FEE8,32.892,15.161,5,1971,1
12:12:05,A81B6A77FEE8,32.812,15.161,5,1970,1
12:12:10,A81B6A77FEE8,32.812,15.161,5,1972,1
12:12:16,A81B6A77FEE8,32.812,15.161,5,1971,1
12:12:21,A81B6A77FEE8,32.802,15.161,5,1971,1
12:12:26,A81B6A77FEE8,32.842,15.161,5,1972,1
12:12:31,A81B6A77FEE8,32.842,15.161,5,1972,1
12:12:36,A81B6A77FEE8,32.802,15.161,5,1971,1
12:12:41,A81B6A77FEE8,32.802,15.161,5,1970,1
12:12:46,A81B6A77FEE8,32.812,15.161,5,1970,1
12:12:52,A81B6A77FEE8,32.741,15.161,5,1969,1
12:12:57,A81B6A77FEE8,32.741,15.161,5,1968,1
12:13:02,A81B6A77FEE8,32.741,15.161,5,1967,1
12:13:07,A81B6A77FEE8,32.741,15.161,5,1965,1
12:13:12,A81B6A77FEE8,32.772,15.161,5,1966,1
12:13:17,A81B6A77FEE8,32.802,15.161,5,1966,1
12:13:22,A81B6A77FEE8,32.772,15.161,5,1965,1
12:13:28,A81B6A77FEE8,32.772,15.161,5,1965,1
12:13:33,A81B6A77FEE8,32.802,15.161,5,1964,1
12:13:38,A81B6A77FEE8,32.792,15.259,5,1963,1
12:13:43,A81B6A77FEE8,32.741,15.161,5,1962,1
12:13:48,A81B6A77FEE8,32.792,15.161,5,1962,1
12:13:53,A81B6A77FEE8,32.792,15.259,5,1962,1
12:13:58,A81B6A77FEE8,32.711,15.161,5,1961,1
12:14:04,A81B6A77FEE8,32.61,15.173,5,1960,1
12:14:09,A81B6A77FEE8,32.731,15.259,5,1960,1
12:14:14,A81B6A77FEE8,32.862,15.259,5,1959,1
12:14:19,A81B6A77FEE8,32.661,15.271,5,1956,1
12:14:24,A81B6A77FEE8,32.802,15.259,5,1958,1
12:14:29,A81B6A77FEE8,32.731,15.259,5,1957,1
12:14:34,A81B6A77FEE8,32.701,15.161,5,1957,1
12:14:40,A81B6A77FEE8,32.691,15.259,5,1954,1
12:14:45,A81B6A77FEE8,32.762,15.259,5,1955,1
12:14:50,A81B6A77FEE8,32.691,15.259,5,1955,1
12:14:55,A81B6A77FEE8,32.731,15.259,5,1954,1
12:15:00,A81B6A77FEE8,32.671,15.271,5,1954,1
12:15:05,A81B6A77FEE8,32.731,15.259,5,1953,1
12:15:10,A81B6A77FEE8,32.711,15.259,5,1953,1
12:15:16,A81B6A77FEE8,32.701,15.259,5,1952,1
12:15:21,A81B6A77FEE8,32.762,15.259,5,1952,1
12:15:26,A81B6A77FEE8,32.61,15.271,5,1949,1
12:15:31,A81B6A77FEE8,32.701,15.259,5,1951,1
12:15:36,A81B6A77FEE8,32.701,15.259,5,1950,1
12:15:41,A81B6A77FEE8,32.671,15.271,5,1950,1
12:15:46,A81B6A77FEE8,32.701,15.259,5,1949,1
12:15:52,A81B6A77FEE8,32.59,15.271,5,1949,1
12:15:57,A81B6A77FEE8,32.661,15.271,5,1948,1
12:16:02,A81B6A77FEE8,32.61,15.271,5,1947,1
12:16:07,A81B6A77FEE8,32.701,15.259,5,1947,1
12:16:12,A81B6A77FEE8,32.621,15.271,5,1946,1
12:16:17,A81B6A77FEE8,32.691,15.259,5,1946,1
12:16:22,A81B6A77FEE8,32.741,15.259,5,1945,1
12:16:28,A81B6A77FEE8,32.671,15.271,5,1943,1
12:16:33,A81B6A77FEE8,32.661,15.271,5,1942,1
12:16:38,A81B6A77FEE8,32.621,15.271,5,1941,1
12:16:43,A81B6A77FEE8,32.59,15.271,5,1941,1
12:16:48,A81B6A77FEE8,32.691,15.259,5,1940,1
12:16:53,A81B6A77FEE8,32.641,15.271,5,1940,1
12:16:58,A81B6A77FEE8,32.661,15.271,5,1939,1
12:17:04,A81B6A77FEE8,32.59,15.271,5,1938,1
12:17:09,A81B6A77FEE8,32.621,15.271,5,1938,1
12:17:14,A81B6A77FEE8,32.58,15.271,5,1938,1
12:17:19,A81B6A77FEE8,32.621,15.271,5,1937,1
12:17:24,A81B6A77FEE8,32.671,15.271,5,1937,1
12:17:29,A81B6A77FEE8,32.59,15.271,5,1937,1
12:17:34,A81B6A77FEE8,32.671,15.369,5,1936,1
12:17:41,A81B6A77FEE8,32.641,15.271,5,1936,1
12:17:46,A81B6A77FEE8,32.661,15.271,5,1938,1
12:17:51,A81B6A77FEE8,32.57,15.369,5,1938,1
12:17:56,A81B6A77FEE8,32.55,15.271,5,1937,1
12:18:01,A81B6A77FEE8,32.59,15.271,5,1937,1
12:18:06,A81B6A77FEE8,32.61,15.369,5,1936,1
12:18:11,A81B6A77FEE8,32.641,15.271,5,1936,1
12:18:16,A81B6A77FEE8,32.671,15.271,5,1935,1
12:18:22,A81B6A77FEE8,32.58,15.369,5,1935,1
12:18:27,A81B6A77FEE8,32.61,15.271,5,1935,1
12:18:32,A81B6A77FEE8,32.61,15.271,5,1934,1
12:18:37,A81B6A77FEE8,32.661,15.271,5,1934,1
12:18:42,A81B6A77FEE8,32.671,15.369,5,1934,1
12:18:47,A81B6A77FEE8,32.61,15.271,5,1933,1
12:18:52,A81B6A77FEE8,32.55,15.369,5,1933,1
12:18:58,A81B6A77FEE8,32.661,15.369,5,1932,1
12:19:03,A81B6A77FEE8,32.641,15.271,5,1932,1
12:19:08,A81B6A77FEE8,32.641,15.271,5,1931,1
12:19:13,A81B6A77FEE8,32.621,15.369,5,1931,1
12:19:18,A81B6A77FEE8,32.61,15.369,5,1931,1
12:19:23,A81B6A77FEE8,32.691,15.259,5,1930,1
12:19:28,A81B6A77FEE8,32.671,15.369,5,1930,1
12:19:34,A81B6A77FEE8,32.61,15.369,5,1930,1
12:19:39,A81B6A77FEE8,32.621,15.369,5,1929,1
12:19:44,A81B6A77FEE8,32.58,15.369,5,1928,1
12:19:49,A81B6A77FEE8,32.661,15.369,5,1928,1
12:19:54,A81B6A77FEE8,32.59,15.369,5,1928,1
12:19:59,A81B6A77FEE8,32.59,15.271,5,1925,1
12:20:04,A81B6A77FEE8,32.621,15.369,5,1927,1
12:20:10,A81B6A77FEE8,32.661,15.271,5,1927,1
12:20:15,A81B6A77FEE8,32.57,15.369,5,1926,1
12:20:20,A81B6A77FEE8,32.61,15.369,5,1926,1
12:20:25,A81B6A77FEE8,32.54,15.369,5,1925,1
12:20:30,A81B6A77FEE8,32.691,15.259,5,1925,1
12:20:35,A81B6A77FEE8,32.61,15.369,5,1925,1
12:20:40,A81B6A77FEE8,32.621,15.369,5,1922,1
12:20:46,A81B6A77FEE8,32.59,15.271,5,1924,1
12:20:51,A81B6A77FEE8,32.57,15.369,5,1922,1
12:20:56,A81B6A77FEE8,32.621,15.369,5,1923,1
12:21:01,A81B6A77FEE8,32.61,15.369,5,1921,1
12:21:06,A81B6A77FEE8,32.59,15.369,5,1922,1
12:21:11,A81B6A77FEE8,32.58,15.369,5,1922,1
12:21:16,A81B6A77FEE8,32.58,15.271,5,1922,1
12:21:22,A81B6A77FEE8,32.59,15.369,5,1922,1
12:21:27,A81B6A77FEE8,32.61,15.369,5,1921,1
12:21:32,A81B6A77FEE8,32.54,15.369,5,1921,1
12:21:37,A81B6A77FEE8,32.671,15.271,5,1921,1
12:21:42,A81B6A77FEE8,32.641,15.369,5,1920,1
12:21:47,A81B6A77FEE8,32.711,15.356,5,1920,1
12:21:52,A81B6A77FEE8,32.54,15.369,5,1917,1
12:21:58,A81B6A77FEE8,32.641,15.369,5,1916,1
12:22:03,A81B6A77FEE8,32.641,15.369,5,1916,1
12:22:08,A81B6A77FEE8,32.59,15.369,5,1916,1
12:22:13,A81B6A77FEE8,32.621,15.369,5,1915,1
12:22:18,A81B6A77FEE8,32.661,15.369,5,1915,1
12:22:23,A81B6A77FEE8,32.621,15.369,5,1915,1
12:22:28,A81B6A77FEE8,32.641,15.369,5,1913,1
12:22:34,A81B6A77FEE8,32.58,15.369,5,1912,1
12:22:39,A81B6A77FEE8,32.661,15.369,5,1914,1
12:22:44,A81B6A77FEE8,32.641,15.369,5,1914,1
12:22:49,A81B6A77FEE8,32.661,15.271,5,1912,1
12:22:54,A81B6A77FEE8,32.58,15.369,5,1911,1
12:22:59,A81B6A77FEE8,32.54,15.369,5,1914,1
12:23:04,A81B6A77FEE8,32.641,15.369,5,1915,1
12:23:10,A81B6A77FEE8,32.671,15.369,5,1914,1
12:23:15,A81B6A77FEE8,32.641,15.369,5,1914,1
12:23:20,A81B6A77FEE8,32.61,15.369,5,1914,1
12:23:25,A81B6A77FEE8,32.54,15.369,5,1914,1
12:23:30,A81B6A77FEE8,32.641,15.369,1913,1913,1
12:23:35,A81B6A77FEE8,32.58,15.369,5,1913,1
12:23:40,A81B6A77FEE8,32.661,15.369,5,1913,1
12:23:46,A81B6A77FEE8,32.641,15.271,5,1910,1
12:23:50,A81B6A77FEE8,32.661,15.369,5,1912,1
12:23:55,A81B6A77FEE8,32.621,15.369,5,1912,1
12:24:00,A81B6A77FEE8,32.621,15.369,5,1911,1
12:24:05,A81B6A77FEE8,32.621,15.369,5,1909,1
12:24:10,A81B6A77FEE8,32.661,15.369,5,1909,1
12:24:15,A81B6A77FEE8,32.61,15.369,5,1909,1
12:24:21,A81B6A77FEE8,32.621,15.369,5,1911,1
12:24:26,A81B6A77FEE8,32.621,15.369,5,1908,1
12:24:31,A81B6A77FEE8,32.641,15.369,5,1910,1
12:24:36,A81B6A77FEE8,32.641,15.369,5,1909,1
12:24:41,A81B6A77FEE8,32.641,15.369,5,1907,1
12:24:46,A81B6A77FEE8,32.711,15.259,5,1909,1
12:24:52,A81B6A77FEE8,32.661,15.369,5,1909,1
12:24:57,A81B6A77FEE8,32.61,15.369,5,1908,1
12:25:02,A81B6A77FEE8,32.641,15.369,5,1908,1
12:25:07,A81B6A77FEE8,32.691,15.393,5,1908,1
12:25:12,A81B6A77FEE8,32.61,15.271,5,1908,1
12:25:17,A81B6A77FEE8,32.621,15.369,5,1907,1
12:25:22,A81B6A77FEE8,32.691,15.356,5,1907,1
12:25:28,A81B6A77FEE8,32.671,15.369,5,1907,1
12:25:33,A81B6A77FEE8,32.641,15.271,5,1907,1
12:25:38,A81B6A77FEE8,32.661,15.369,5,1906,1
12:25:43,A81B6A77FEE8,32.58,15.271,5,1907,1
12:25:48,A81B6A77FEE8,32.59,15.271,5,1906,1
12:25:53,A81B6A77FEE8,32.61,15.369,5,1906,1
12:25:58,A81B6A77FEE8,32.55,15.369,5,1906,1
12:26:04,A81B6A77FEE8,32.671,15.369,5,1905,1
12:26:09,A81B6A77FEE8,32.61,15.369,5,1905,1
12:26:14,A81B6A77FEE8,32.55,15.271,5,1905,1
12:26:19,A81B6A77FEE8,32.621,15.369,5,1905,1
12:26:24,A81B6A77FEE8,32.711,15.356,5,1904,1
12:26:29,A81B6A77FEE8,32.691,15.259,5,1904,1
12:26:34,A81B6A77FEE8,32.621,15.369,5,1904,1
12:26:40,A81B6A77FEE8,32.641,15.369,5,1904,1
12:26:45,A81B6A77FEE8,32.731,15.356,5,1904,1
12:26:50,A81B6A77FEE8,32.621,15.369,5,1901,1
12:26:55,A81B6A77FEE8,32.55,15.369,5,1903,1
12:27:00,A81B6A77FEE8,32.59,15.271,5,1903,1
12:27:05,A81B6A77FEE8,32.621,15.271,5,1902,1
12:27:10,A81B6A77FEE8,32.711,15.356,5,1902,1
12:27:16,A81B6A77FEE8,32.671,15.369,5,1902,1
12:27:21,A81B6A77FEE8,32.671,15.369,5,1901,1
12:27:26,A81B6A77FEE8,32.691,15.356,5,1901,1
12:27:31,A81B6A77FEE8,32.661,15.369,5,4095,1
12:27:36,A81B6A77FEE8,32.59,15.369,5,1901,1
12:27:41,A81B6A77FEE8,32.621,15.271,5,1900,1
12:27:46,A81B6A77FEE8,32.61,15.369,5,1900,1
12:27:52,A81B6A77FEE8,32.671,15.369,5,1900,1
12:27:57,A81B6A77FEE8,32.641,15.369,5,1899,1
12:28:02,A81B6A77FEE8,32.61,15.369,5,1900,1
12:28:07,A81B6A77FEE8,32.641,15.369,5,1899,1
12:28:12,A81B6A77FEE8,32.59,15.369,5,1899,1
12:28:17,A81B6A77FEE8,32.621,15.271,5,1898,1
12:28:22,A81B6A77FEE8,32.671,15.369,5,1898,1
12:28:27,A81B6A77FEE8,32.621,15.369,5,1899,1
12:28:33,A81B6A77FEE8,32.691,15.259,5,1898,1
12:28:38,A81B6A77FEE8,32.671,15.369,5,1898,1
12:28:43,A81B6A77FEE8,32.58,15.369,5,1897,1
12:28:48,A81B6A77FEE8,32.61,15.369,5,1897,1
12:28:53,A81B6A77FEE8,32.701,15.259,5,1894,1
12:28:58,A81B6A77FEE8,32.58,15.271,5,1894,1
12:29:03,A81B6A77FEE8,32.621,15.369,5,1893,1
12:29:09,A81B6A77FEE8,32.641,15.369,5,1893,1
12:29:14,A81B6A77FEE8,32.691,15.356,5,1893,1
12:29:18,A81B6A77FEE8,32.711,15.356,5,1896,1
12:29:23,A81B6A77FEE8,32.57,15.271,5,1894,1
12:29:28,A81B6A77FEE8,32.621,15.369,5,1895,1
12:29:34,A81B6A77FEE8,32.621,15.369,5,1894,1
12:29:39,A81B6A77FEE8,32.57,15.369,5,1894,1
12:29:44,A81B6A77FEE8,32.61,15.369,5,1893,1
12:29:49,A81B6A77FEE8,32.671,15.369,5,1894,1
12:29:54,A81B6A77FEE8,32.621,15.369,5,1892,1
12:29:59,A81B6A77FEE8,32.661,15.369,5,1892,1
12:30:04,A81B6A77FEE8,32.661,15.369,5,1892,1
12:30:09,A81B6A77FEE8,32.691,15.356,5,1893,1
12:30:15,A81B6A77FEE8,32.661,15.369,5,1893,1
12:30:20,A81B6A77FEE8,32.661,15.369,5,1893,1
12:30:25,A81B6A77FEE8,32.58,15.369,5,1893,1
12:30:30,A81B6A77FEE8,32.61,15.369,5,1892,1
12:30:35,A81B6A77FEE8,32.621,15.369,5,1892,1
12:30:40,A81B6A77FEE8,32.61,15.369,5,1892,1
12:30:45,A81B6A77FEE8,32.661,15.369,5,1889,1
12:30:51,A81B6A77FEE8,32.61,15.369,5,1888,1
12:30:56,A81B6A77FEE8,32.58,15.369,5,1888,1
12:31:01,A81B6A77FEE8,32.61,15.369,5,1888,1
12:31:06,A81B6A77FEE8,32.661,15.369,5,1888,1
12:31:11,A81B6A77FEE8,32.701,15.356,5,1888,1
12:31:16,A81B6A77FEE8,32.59,15.369,5,1888,1
12:31:21,A81B6A77FEE8,32.621,15.369,5,1887,1
12:31:27,A81B6A77FEE8,32.641,15.369,5,1887,1
12:31:32,A81B6A77FEE8,32.641,15.369,5,1886,1
12:31:37,A81B6A77FEE8,32.61,15.369,5,1886,1
12:31:42,A81B6A77FEE8,32.61,15.369,5,1886,1
12:31:47,A81B6A77FEE8,32.61,15.369,5,1884,1
12:31:52,A81B6A77FEE8,32.621,15.369,5,1886,1
12:31:57,A81B6A77FEE8,32.671,15.369,5,1886,1
12:32:02,A81B6A77FEE8,32.671,15.369,5,1885,1
12:32:08,A81B6A77FEE8,32.671,15.369,5,1886,1
12:32:13,A81B6A77FEE8,32.641,15.369,5,1888,1
12:32:18,A81B6A77FEE8,32.671,15.369,5,1886,1
12:32:23,A81B6A77FEE8,32.641,15.466,5,1888,1
12:32:28,A81B6A77FEE8,32.661,15.369,5,1888,1
12:32:33,A81B6A77FEE8,32.61,15.369,5,1887,1
12:32:38,A81B6A77FEE8,32.701,15.356,5,1887,1
12:32:44,A81B6A77FEE8,32.58,15.369,5,1886,1
12:32:49,A81B6A77FEE8,32.641,15.369,5,1887,1
12:32:54,A81B6A77FEE8,32.661,15.369,5,1885,1
12:32:59,A81B6A77FEE8,32.731,15.356,5,1885,1
12:33:04,A81B6A77FEE8,32.61,15.369,5,1882,1
12:33:09,A81B6A77FEE8,32.661,15.271,5,1882,1
12:33:14,A81B6A77FEE8,32.61,15.369,5,1879,1
12:33:20,A81B6A77FEE8,32.641,15.369,5,1874,1
12:33:25,A81B6A77FEE8,32.671,15.369,5,1870,1
12:33:30,A81B6A77FEE8,32.58,15.369,5,1864,1
12:33:35,A81B6A77FEE8,32.731,15.356,5,1859,1
12:33:40,A81B6A77FEE8,32.61,15.369,5,1857,1
12:33:45,A81B6A77FEE8,32.61,15.369,5,1856,1
12:33:50,A81B6A77FEE8,32.661,15.369,5,1853,1
12:33:55,A81B6A77FEE8,32.661,15.369,5,1850,1
12:34:01,A81B6A77FEE8,32.671,15.369,5,1849,1
12:34:06,A81B6A77FEE8,32.59,15.369,5,1847,1
12:34:11,A81B6A77FEE8,32.641,15.369,5,1845,1
12:34:16,A81B6A77FEE8,32.61,15.369,5,1844,1
12:34:21,A81B6A77FEE8,32.61,15.369,5,1840,1
12:34:26,A81B6A77FEE8,32.691,15.454,5,1837,1
12:34:31,A81B6A77FEE8,32.641,15.369,5,1833,1
12:34:37,A81B6A77FEE8,32.621,15.369,5,1830,1
12:34:42,A81B6A77FEE8,32.641,15.369,5,1826,1
12:34:47,A81B6A77FEE8,32.691,15.454,5,1825,1
12:34:52,A81B6A77FEE8,32.691,15.356,5,1824,1
12:34:57,A81B6A77FEE8,32.621,15.369,5,1821,1
12:35:02,A81B6A77FEE8,32.661,15.369,5,1821,1
12:35:07,A81B6A77FEE8,32.701,15.356,5,1820,1
12:35:13,A81B6A77FEE8,32.621,15.369,5,1814,1
12:35:18,A81B6A77FEE8,32.691,15.356,5,1814,1
12:35:23,A81B6A77FEE8,32.61,15.369,5,1813,1
12:35:28,A81B6A77FEE8,32.61,15.369,5,1811,1
12:35:33,A81B6A77FEE8,32.61,15.369,5,1808,1
12:35:38,A81B6A77FEE8,32.661,15.369,5,1807,1
12:35:43,A81B6A77FEE8,32.641,15.369,5,1803,1
12:35:48,A81B6A77FEE8,32.691,15.356,5,1800,1
12:35:54,A81B6A77FEE8,32.621,15.369,5,1795,1
12:35:59,A81B6A77FEE8,32.61,15.369,5,1790,1
12:36:04,A81B6A77FEE8,32.671,15.369,5,1786,1
12:36:09,A81B6A77FEE8,32.691,15.356,5,1786,1
12:36:14,A81B6A77FEE8,32.621,15.369,5,1787,1
12:36:19,A81B6A77FEE8,32.621,15.369,5,1788,1
12:36:24,A81B6A77FEE8,32.59,15.369,5,1791,1
12:36:30,A81B6A77FEE8,32.671,15.369,5,1793,1
12:36:35,A81B6A77FEE8,32.661,15.369,5,1790,1
12:36:40,A81B6A77FEE8,32.621,15.369,5,1786,1
12:36:45,A81B6A77FEE8,32.58,15.369,5,1785,1
12:36:50,A81B6A77FEE8,32.641,15.369,5,1783,1
12:36:55,A81B6A77FEE8,32.661,15.369,5,1780,1
12:37:00,A81B6A77FEE8,32.691,15.356,5,1778,1
12:37:06,A81B6A77FEE8,32.641,15.369,5,1778,1
12:37:11,A81B6A77FEE8,32.671,15.369,5,1780,1
12:37:16,A81B6A77FEE8,32.641,15.369,5,1780,1
12:37:21,A81B6A77FEE8,32.661,15.466,5,1781,1
12:37:26,A81B6A77FEE8,32.671,15.369,5,1782,1
12:37:31,A81B6A77FEE8,32.671,15.369,5,1783,1
12:37:36,A81B6A77FEE8,32.61,15.369,5,1777,1
12:37:42,A81B6A77FEE8,32.711,15.356,5,1774,1
12:37:47,A81B6A77FEE8,32.711,15.356,5,1772,1
12:37:52,A81B6A77FEE8,32.711,15.356,5,1767,1
12:37:57,A81B6A77FEE8,32.661,15.369,5,1768,1
12:38:02,A81B6A77FEE8,32.641,15.369,5,1767,1
12:38:07,A81B6A77FEE8,32.671,15.369,5,1766,1
12:38:12,A81B6A77FEE8,32.671,15.369,5,1765,1
12:38:17,A81B6A77FEE8,32.61,15.369,5,1768,1
12:38:23,A81B6A77FEE8,32.731,15.356,5,1769,1
12:38:28,A81B6A77FEE8,32.671,15.466,5,1770,1
12:38:33,A81B6A77FEE8,32.61,15.369,5,1771,1
12:38:38,A81B6A77FEE8,32.641,15.369,5,1775,1
12:38:43,A81B6A77FEE8,32.57,15.369,5,1779,1
12:38:48,A81B6A77FEE8,32.671,15.369,5,1783,1
12:38:53,A81B6A77FEE8,32.641,15.369,5,1786,1
12:38:59,A81B6A77FEE8,32.701,15.356,5,1789,1
12:39:04,A81B6A77FEE8,32.641,15.369,5,1790,1
12:39:09,A81B6A77FEE8,32.661,15.466,5,1791,1
12:39:14,A81B6A77FEE8,32.671,15.466,5,1792,1
12:39:19,A81B6A77FEE8,32.61,15.369,5,1791,1
12:39:24,A81B6A77FEE8,32.641,15.369,5,1791,1
12:39:29,A81B6A77FEE8,32.57,15.466,5,1790,1
12:39:35,A81B6A77FEE8,32.61,15.466,5,1786,1
12:39:40,A81B6A77FEE8,32.59,15.369,5,1784,1
12:39:45,A81B6A77FEE8,32.661,15.369,5,1784,1
12:39:50,A81B6A77FEE8,32.691,15.454,5,1780,1
12:39:55,A81B6A77FEE8,32.641,15.369,5,1778,1
12:40:00,A81B6A77FEE8,32.621,15.466,5,1778,1
12:40:05,A81B6A77FEE8,32.671,15.466,5,1778,1
12:40:10,A81B6A77FEE8,32.671,15.369,5,1780,1
12:40:16,A81B6A77FEE8,32.661,15.369,5,1780,1
12:40:21,A81B6A77FEE8,32.711,15.356,5,1779,1
12:40:26,A81B6A77FEE8,32.731,15.356,5,1775,1
12:40:31,A81B6A77FEE8,32.621,15.369,5,1776,1
12:40:36,A81B6A77FEE8,32.641,15.369,5,1776,1
12:40:41,A81B6A77FEE8,32.641,15.466,5,1775,1
12:40:46,A81B6A77FEE8,32.59,15.466,5,1775,1
12:40:52,A81B6A77FEE8,32.741,15.356,5,1773,1
12:40:57,A81B6A77FEE8,32.621,15.466,5,1778,1
12:41:02,A81B6A77FEE8,32.701,15.356,5,1781,1
12:41:07,A81B6A77FEE8,32.641,15.466,5,1782,1
12:41:12,A81B6A77FEE8,32.661,15.369,5,1782,1
12:41:17,A81B6A77FEE8,32.741,15.356,5,1782,1
12:41:22,A81B6A77FEE8,32.671,15.466,5,1783,1
12:41:28,A81B6A77FEE8,32.711,15.454,5,1785,1
12:41:33,A81B6A77FEE8,32.711,15.356,5,1785,1
12:41:38,A81B6A77FEE8,32.621,15.466,5,1784,1
12:41:43,A81B6A77FEE8,32.701,15.356,5,1785,1
12:41:48,A81B6A77FEE8,32.671,15.369,5,1787,1
12:41:53,A81B6A77FEE8,32.731,15.454,5,1786,1
12:41:58,A81B6A77FEE8,32.731,15.356,5,1784,1
12:42:03,A81B6A77FEE8,32.701,15.454,5,1782,1
12:42:09,A81B6A77FEE8,32.691,15.356,5,1782,1
12:42:14,A81B6A77FEE8,32.671,15.369,5,1787,1
12:42:19,A81B6A77FEE8,32.711,15.356,5,1789,1
12:42:24,A81B6A77FEE8,32.661,15.369,5,1787,1
12:42:29,A81B6A77FEE8,32.671,15.369,5,1786,1
12:42:34,A81B6A77FEE8,32.691,15.356,5,1783,1
12:42:39,A81B6A77FEE8,32.621,15.466,5,1785,1
12:42:45,A81B6A77FEE8,32.741,15.356,5,1787,1
12:42:50,A81B6A77FEE8,32.671,15.369,5,1788,1
12:42:55,A81B6A77FEE8,32.691,15.454,5,1786,1
12:43:00,A81B6A77FEE8,32.621,15.369,5,1784,1
12:43:05,A81B6A77FEE8,32.711,15.356,5,1785,1
12:43:10,A81B6A77FEE8,32.691,15.356,5,1784,1
12:43:15,A81B6A77FEE8,32.671,15.369,5,1779,1
12:43:20,A81B6A77FEE8,32.671,15.466,5,1778,1
12:43:26,A81B6A77FEE8,32.621,15.466,5,1776,1
12:43:31,A81B6A77FEE8,32.762,15.356,5,1778,1
12:43:36,A81B6A77FEE8,32.691,15.454,5,1782,1
12:43:41,A81B6A77FEE8,32.661,15.369,5,1787,1
12:43:46,A81B6A77FEE8,32.731,15.454,5,1789,1
12:43:51,A81B6A77FEE8,32.671,15.466,5,1789,1
12:43:56,A81B6A77FEE8,32.731,15.356,5,1788,1
12:44:02,A81B6A77FEE8,32.691,15.454,5,1787,1
12:44:07,A81B6A77FEE8,32.711,15.454,5,1788,1
12:44:12,A81B6A77FEE8,32.691,15.454,5,1791,1
12:44:17,A81B6A77FEE8,32.701,15.454,5,1792,1
12:44:22,A81B6A77FEE8,32.641,15.466,5,1791,1
12:44:27,A81B6A77FEE8,32.792,15.454,5,1789,1
12:44:32,A81B6A77FEE8,32.621,15.369,5,1786,1
12:44:38,A81B6A77FEE8,32.762,15.454,5,1784,1
12:44:43,A81B6A77FEE8,32.691,15.454,5,1787,1
12:44:48,A81B6A77FEE8,32.731,15.454,5,1789,1
12:44:53,A81B6A77FEE8,32.731,15.356,5,1787,1
12:44:58,A81B6A77FEE8,32.741,15.356,5,1789,1
12:45:03,A81B6A77FEE8,32.741,15.454,5,1786,1
12:45:08,A81B6A77FEE8,32.731,15.454,5,1784,1
12:45:13,A81B6A77FEE8,32.661,15.466,5,1785,1
12:45:19,A81B6A77FEE8,32.731,15.454,5,1790,1
12:45:24,A81B6A77FEE8,32.792,15.454,5,1795,1
12:45:29,A81B6A77FEE8,32.691,15.454,5,1797,1
12:45:34,A81B6A77FEE8,32.741,15.356,5,1798,1
12:45:39,A81B6A77FEE8,32.661,15.369,5,1797,1
12:45:44,A81B6A77FEE8,32.701,-1000,5,1797,1
12:45:49,A81B6A77FEE8,32.731,15.356,5,1795,1
12:45:55,A81B6A77FEE8,32.731,15.454,6,1794,1
12:46:00,A81B6A77FEE8,32.701,15.454,5,1795,1
12:46:05,A81B6A77FEE8,32.711,15.454,5,1792,1
12:46:10,A81B6A77FEE8,32.741,15.454,6,1791,1
12:46:15,A81B6A77FEE8,32.701,15.356,5,1793,1
12:46:20,A81B6A77FEE8,32.741,15.454,5,1788,1
12:46:25,A81B6A77FEE8,32.762,15.356,5,1793,1
12:46:31,A81B6A77FEE8,32.731,15.356,5,1789,1
12:46:36,A81B6A77FEE8,32.762,15.454,5,1785,1
12:46:41,A81B6A77FEE8,32.701,15.454,5,1781,1
12:46:46,A81B6A77FEE8,32.691,15.454,5,1779,1
12:46:51,A81B6A77FEE8,32.772,15.454,5,1777,1
12:46:56,A81B6A77FEE8,32.711,15.454,5,1781,1
12:47:01,A81B6A77FEE8,32.731,15.454,5,1788,1
12:47:06,A81B6A77FEE8,32.731,15.454,5,1791,1
12:47:12,A81B6A77FEE8,32.731,15.454,5,1792,1
12:47:17,A81B6A77FEE8,32.701,15.454,5,1793,1
12:47:22,A81B6A77FEE8,32.731,15.454,5,1792,1
12:47:27,A81B6A77FEE8,32.711,15.454,5,1787,1
12:47:32,A81B6A77FEE8,32.691,15.454,5,1790,1
12:47:37,A81B6A77FEE8,32.731,15.454,6,1790,1
12:47:42,A81B6A77FEE8,32.711,15.454,5,1793,1
12:47:48,A81B6A77FEE8,32.701,15.454,5,1797,1
12:47:53,A81B6A77FEE8,32.711,15.454,6,1799,1
12:47:58,A81B6A77FEE8,32.711,15.454,6,1799,1
12:48:03,A81B6A77FEE8,32.772,15.454,6,1798,1
12:48:08,A81B6A77FEE8,32.731,15.356,5,1798,1
12:48:13,A81B6A77FEE8,32.691,15.454,6,1799,1
12:48:18,A81B6A77FEE8,32.641,15.466,5,1800,1
12:48:24,A81B6A77FEE8,32.772,15.454,5,1800,1
12:48:29,A81B6A77FEE8,32.641,15.466,6,1797,1
12:48:34,A81B6A77FEE8,32.701,15.454,6,1792,1
12:48:39,A81B6A77FEE8,32.671,15.466,5,1791,1
12:48:44,A81B6A77FEE8,32.61,15.466,5,1797,1
12:48:49,A81B6A77FEE8,32.691,15.454,6,1796,1
12:48:54,A81B6A77FEE8,32.772,15.454,5,1794,1
12:48:59,A81B6A77FEE8,32.691,15.454,6,1794,1
12:49:05,A81B6A77FEE8,32.671,15.466,6,5,1
12:49:10,A81B6A77FEE8,32.641,15.466,6,1800,1
12:49:15,A81B6A77FEE8,32.701,15.454,5,1802,1
12:49:20,A81B6A77FEE8,32.59,15.466,5,1802,1
12:49:25,A81B6A77FEE8,32.772,15.454,5,1799,1
12:49:30,A81B6A77FEE8,32.711,15.454,5,1800,1
12:49:35,A81B6A77FEE8,32.691,15.454,6,1801,1
12:49:41,A81B6A77FEE8,32.701,15.454,5,1803,1
12:49:46,A81B6A77FEE8,32.711,15.454,5,1804,1
12:49:51,A81B6A77FEE8,32.812,15.454,5,1804,1
12:49:56,A81B6A77FEE8,32.731,15.454,5,1802,1
12:50:01,A81B6A77FEE8,32.671,15.466,5,1797,1
12:50:06,A81B6A77FEE8,32.731,15.454,5,1796,1
12:50:11,A81B6A77FEE8,32.711,15.454,5,1795,1
12:50:17,A81B6A77FEE8,32.711,15.454,5,1798,1
12:50:22,A81B6A77FEE8,32.711,15.454,5,1803,1
12:50:27,A81B6A77FEE8,32.731,15.454,5,1805,1
12:50:32,A81B6A77FEE8,32.731,15.454,6,1806,1
12:50:37,A81B6A77FEE8,32.711,15.454,6,1807,1
12:50:42,A81B6A77FEE8,32.741,15.454,6,1806,1
12:50:47,A81B6A77FEE8,32.762,15.454,6,1807,1
12:50:52,A81B6A77FEE8,32.661,15.466,1809,1808,1
12:50:58,A81B6A77FEE8,32.711,15.454,6,1808,1
12:51:03,A81B6A77FEE8,32.731,15.454,5,1806,1
12:51:08,A81B6A77FEE8,32.671,15.466,6,1802,1
12:51:13,A81B6A77FEE8,32.701,15.454,5,1805,1
12:51:18,A81B6A77FEE8,32.61,15.466,6,1806,1
12:51:23,A81B6A77FEE8,32.691,15.454,6,1808,1
12:51:28,A81B6A77FEE8,32.641,15.466,6,1810,1
12:51:34,A81B6A77FEE8,32.762,15.454,6,1810,1
12:51:39,A81B6A77FEE8,32.701,15.454,6,1812,1
12:51:44,A81B6A77FEE8,32.711,15.454,5,1810,1
12:51:49,A81B6A77FEE8,32.691,15.454,6,1812,1
12:51:54,A81B6A77FEE8,32.661,15.466,6,1809,1
12:51:59,A81B6A77FEE8,32.731,15.454,6,1805,1
12:52:04,A81B6A77FEE8,32.691,15.454,6,1802,1
12:52:10,A81B6A77FEE8,32.842,15.454,6,1797,1
12:52:15,A81B6A77FEE8,32.711,15.454,5,1795,1
12:52:20,A81B6A77FEE8,-14.501,15.454,6,1796,1
12:52:25,A81B6A77FEE8,32.701,15.454,6,1797,1
12:52:30,A81B6A77FEE8,32.661,15.466,6,1801,1
12:52:35,A81B6A77FEE8,32.711,15.454,6,1803,1
12:52:40,A81B6A77FEE8,32.711,15.454,6,1805,1
12:52:45,A81B6A77FEE8,32.762,15.454,6,1805,1
12:52:51,A81B6A77FEE8,32.741,15.454,6,1806,1
12:52:56,A81B6A77FEE8,32.711,15.454,6,1805,1
12:53:01,A81B6A77FEE8,32.671,15.466,6,1806,1
12:53:06,A81B6A77FEE8,32.711,15.454,6,1806,1
12:53:11,A81B6A77FEE8,32.711,15.454,6,1799,1
12:53:16,A81B6A77FEE8,32.701,15.454,6,1795,1
12:53:21,A81B6A77FEE8,32.701,15.454,6,1796,1
12:53:27,A81B6A77FEE8,32.691,15.454,6,1797,1
12:53:32,A81B6A77FEE8,32.61,15.466,6,1794,1
12:53:37,A81B6A77FEE8,32.701,15.454,6,1797,1
12:53:42,A81B6A77FEE8,32.661,15.466,6,1800,1
12:53:47,A81B6A77FEE8,32.741,15.454,6,1801,1
12:53:52,A81B6A77FEE8,32.762,15.454,6,1803,1
12:53:57,A81B6A77FEE8,32.711,15.454,6,1803,1
12:54:03,A81B6A77FEE8,32.701,15.454,6,1801,1
12:54:08,A81B6A77FEE8,32.711,15.454,6,1802,1
12:54:13,A81B6A77FEE8,32.711,15.552,6,1797,1
12:54:18,A81B6A77FEE8,32.792,15.454,6,1794,1
12:54:23,A81B6A77FEE8,32.691,15.454,6,1793,1
12:54:28,A81B6A77FEE8,32.661,15.466,6,1795,1
12:54:33,A81B6A77FEE8,32.691,15.454,5,1797,1
12:54:39,A81B6A77FEE8,32.772,15.454,6,1801,1
12:54:44,A81B6A77FEE8,32.701,15.454,6,1801,1
12:54:49,A81B6A77FEE8,32.701,15.552,6,1800,1
12:54:54,A81B6A77FEE8,32.731,15.454,6,1800,1
12:54:59,A81B6A77FEE8,32.802,15.454,6,1798,1
12:55:04,A81B6A77FEE8,32.802,15.454,6,1797,1
12:55:09,A81B6A77FEE8,32.701,15.454,6,1795,1
12:55:14,A81B6A77FEE8,32.661,15.466,6,1793,1
12:55:20,A81B6A77FEE8,32.701,15.454,6,1794,1
12:55:25,A81B6A77FEE8,32.731,15.552,6,1798,1
12:55:30,A81B6A77FEE8,32.762,15.454,6,1800,1
12:55:35,A81B6A77FEE8,32.731,15.454,6,1801,1
12:55:40,A81B6A77FEE8,32.671,15.564,6,1802,1
12:55:45,A81B6A77FEE8,32.731,15.454,6,1804,1
12:55:50,A81B6A77FEE8,32.741,15.454,6,1804,1
12:55:56,A81B6A77FEE8,32.711,15.454,6,1805,1
12:56:01,A81B6A77FEE8,32.711,15.454,6,1803,1
12:56:06,A81B6A77FEE8,32.741,15.454,6,1802,1
12:56:11,A81B6A77FEE8,32.812,15.454,6,1803,1
12:56:16,A81B6A77FEE8,32.711,15.454,6,1801,1
12:56:21,A81B6A77FEE8,32.731,15.552,6,1801,1
12:56:26,A81B6A77FEE8,32.711,15.454,6,1802,1
12:56:32,A81B6A77FEE8,32.711,15.454,6,1803,1
12:56:37,A81B6A77FEE8,32.711,15.454,6,1805,1
12:56:42,A81B6A77FEE8,32.641,15.466,6,1806,1
12:56:47,A81B6A77FEE8,32.741,15.454,6,1808,1
12:56:52,A81B6A77FEE8,32.731,15.454,6,1810,1
12:56:57,A81B6A77FEE8,32.741,15.454,6,1808,1
12:57:02,A81B6A77FEE8,32.802,15.454,6,1805,1
12:57:07,A81B6A77FEE8,32.762,15.454,6,1802,1
12:57:13,A81B6A77FEE8,32.701,15.454,6,1802,1
12:57:18,A81B6A77FEE8,32.812,15.454,6,1802,1
12:57:23,A81B6A77FEE8,32.762,15.552,6,1803,1
12:57:28,A81B6A77FEE8,32.691,15.454,6,1805,1
12:57:33,A81B6A77FEE8,32.691,15.454,6,1803,1
12:57:38,A81B6A77FEE8,32.711,15.454,6,1804,1
12:57:43,A81B6A77FEE8,32.711,15.552,6,1802,1
12:57:49,A81B6A77FEE8,32.772,15.454,6,1800,1
12:57:54,A81B6A77FEE8,32.711,15.454,6,1800,1
12:57:59,A81B6A77FEE8,32.701,15.552,6,1802,1
12:58:04,A81B6A77FEE8,32.731,15.454,6,1804,1
12:58:09,A81B6A77FEE8,32.731,15.454,6,1802,1
12:58:14,A81B6A77FEE8,32.762,15.454,6,1805,1
12:58:19,A81B6A77FEE8,32.711,15.454,6,1808,1
12:58:25,A81B6A77FEE8,32.741,15.552,6,1809,1
12:58:30,A81B6A77FEE8,32.731,15.454,6,1810,1
12:58:35,A81B6A77FEE8,32.762,15.454,6,1813,1
12:58:40,A81B6A77FEE8,32.762,15.454,6,1813,1
12:58:45,A81B6A77FEE8,32.762,15.454,6,1812,1
12:58:50,A81B6A77FEE8,32.792,15.552,6,1811,1
12:58:55,A81B6A77FEE8,32.711,15.454,6,1806,1
12:59:00,A81B6A77FEE8,32.661,15.466,6,1802,1
12:59:06,A81B6A77FEE8,32.711,15.552,6,1801,1
12:59:11,A81B6A77FEE8,32.731,15.454,6,1802,1
12:59:16,A81B6A77FEE8,32.731,15.454,6,1802,1
12:59:21,A81B6A77FEE8,32.671,15.466,6,1801,1
12:59:26,A81B6A77FEE8,32.731,15.552,6,1803,1
12:59:31,A81B6A77FEE8,32.671,15.564,6,1807,1
12:59:36,A81B6A77FEE8,32.711,15.454,6,1807,1
12:59:42,A81B6A77FEE8,32.701,15.552,6,1807,1
12:59:47,A81B6A77FEE8,32.731,15.552,6,1809,1
12:59:52,A81B6A77FEE8,32.762,15.552,6,1808,1
12:59:57,A81B6A77FEE8,32.741,15.552,6,1807,1
13:00:02,A81B6A77FEE8,32.762,15.552,6,1806,1
13:00:07,A81B6A77FEE8,32.741,15.454,6,1802,1
13:00:12,A81B6A77FEE8,32.671,15.564,6,1800,1
13:00:18,A81B6A77FEE8,32.762,15.552,6,1799,1
13:00:23,A81B6A77FEE8,32.701,15.454,6,1796,1
13:00:28,A81B6A77FEE8,32.772,15.552,6,1796,1
13:00:33,A81B6A77FEE8,32.671,15.564,6,1800,1
13:00:38,A81B6A77FEE8,32.762,15.454,6,1802,1
13:00:43,A81B6A77FEE8,32.701,15.552,6,1802,1
13:00:48,A81B6A77FEE8,32.731,15.552,6,1801,1
13:00:53,A81B6A77FEE8,32.762,15.552,6,1804,1
13:00:59,A81B6A77FEE8,32.802,15.552,6,1805,1
13:01:04,A81B6A77FEE8,32.772,15.552,6,1805,1
13:01:09,A81B6A77FEE8,32.762,15.552,6,1803,1
13:01:14,A81B6A77FEE8,32.701,15.454,6,1801,1
13:01:19,A81B6A77FEE8,32.762,15.454,6,1799,1
13:01:24,A81B6A77FEE8,32.701,15.454,6,1800,1
13:01:29,A81B6A77FEE8,32.731,15.552,6,1799,1
13:01:35,A81B6A77FEE8,32.671,15.564,6,1797,1
13:01:40,A81B6A77FEE8,32.711,15.552,6,1799,1
13:01:45,A81B6A77FEE8,32.731,15.552,6,1797,1
13:01:50,A81B6A77FEE8,32.741,15.552,6,1796,1
13:01:55,A81B6A77FEE8,32.621,15.564,6,1793,1
13:02:00,A81B6A77FEE8,32.701,15.454,6,1792,1
13:02:05,A81B6A77FEE8,32.762,15.454,6,1793,1
13:02:11,A81B6A77FEE8,32.772,15.552,6,1796,1
13:02:16,A81B6A77FEE8,32.731,15.552,6,1799,1
13:02:21,A81B6A77FEE8,32.711,15.454,6,1804,1
13:02:26,A81B6A77FEE8,32.731,15.552,6,1806,1
13:02:31,A81B6A77FEE8,32.671,15.564,6,1807,1
13:02:36,A81B6A77FEE8,32.691,15.454,6,1806,1
13:02:41,A81B6A77FEE8,32.762,15.552,6,1803,1
13:02:47,A81B6A77FEE8,32.711,15.552,6,1802,1
13:02:52,A81B6A77FEE8,32.741,15.454,6,1801,1
13:02:57,A81B6A77FEE8,32.731,15.552,6,1802,1
13:03:02,A81B6A77FEE8,32.701,15.552,6,1803,1
13:03:07,A81B6A77FEE8,32.711,15.454,6,1806,1
13:03:12,A81B6A77FEE8,32.812,15.454,6,1807,1
13:03:17,A81B6A77FEE8,32.701,15.454,6,1812,1
13:03:22,A81B6A77FEE8,32.731,15.552,6,1817,1
13:03:28,A81B6A77FEE8,32.701,15.454,6,1821,1
13:03:33,A81B6A77FEE8,32.701,15.552,6,1826,1
13:03:38,A81B6A77FEE8,32.741,15.552,6,1831,1
13:03:43,A81B6A77FEE8,32.711,15.552,6,1834,1
13:03:48,A81B6A77FEE8,32.741,15.454,6,1842,1
13:03:53,A81B6A77FEE8,32.741,15.454,6,1848,1
13:03:58,A81B6A77FEE8,32.762,15.552,6,1853,1
13:04:04,A81B6A77FEE8,32.762,15.454,6,1857,1
13:04:09,A81B6A77FEE8,32.762,15.454,6,1860,1
13:04:14,A81B6A77FEE8,32.802,15.552,6,1865,1
13:04:19,A81B6A77FEE8,32.792,15.552,6,1869,1
13:04:24,A81B6A77FEE8,32.741,15.454,6,1874,1
13:04:29,A81B6A77FEE8,32.741,15.552,6,1877,1
13:04:34,A81B6A77FEE8,32.762,15.454,6,1881,1
13:04:40,A81B6A77FEE8,32.772,15.454,6,1886,1
13:04:45,A81B6A77FEE8,32.741,15.454,6,1890,1
13:04:50,A81B6A77FEE8,32.772,15.454,6,1897,1
13:04:55,A81B6A77FEE8,32.731,15.454,6,1900,1
13:05:00,A81B6A77FEE8,32.762,15.552,6,1904,1
13:05:05,A81B6A77FEE8,32.802,15.454,6,1907,1
13:05:10,A81B6A77FEE8,32.711,15.454,6,1911,1
13:05:15,A81B6A77FEE8,32.701,15.454,6,1914,1
13:05:21,A81B6A77FEE8,32.792,15.454,6,1917,1
13:05:26,A81B6A77FEE8,32.792,15.454,6,1919,1
13:05:31,A81B6A77FEE8,32.862,15.454,6,1921,1
13:05:36,A81B6A77FEE8,32.852,15.552,6,1924,1
13:05:41,A81B6A77FEE8,32.741,15.454,6,1927,1
13:05:46,A81B6A77FEE8,32.792,15.454,6,1930,1
13:05:51,A81B6A77FEE8,32.772,15.454,6,1932,1
13:05:57,A81B6A77FEE8,32.772,15.454,6,1933,1
13:06:02,A81B6A77FEE8,32.802,15.454,6,1935,1
13:06:07,A81B6A77FEE8,32.792,15.454,6,1937,1
13:06:12,A81B6A77FEE8,32.762,15.454,6,1939,1
13:06:17,A81B6A77FEE8,32.802,15.454,6,1941,1
13:06:22,A81B6A77FEE8,32.731,15.454,6,1942,1
13:06:27,A81B6A77FEE8,32.762,15.454,6,1944,1
13:06:32,A81B6A77FEE8,32.772,15.552,6,1946,1
13:06:38,A81B6A77FEE8,32.792,15.454,6,1948,1
13:06:43,A81B6A77FEE8,32.852,15.454,6,1948,1
13:06:48,A81B6A77FEE8,32.762,15.454,6,1951,1
13:06:53,A81B6A77FEE8,32.691,15.454,6,1952,1
13:06:58,A81B6A77FEE8,32.741,15.454,6,1952,1
13:07:03,A81B6A77FEE8,32.772,15.454,6,1952,1
13:07:08,A81B6A77FEE8,32.772,15.454,6,1953,1
13:07:14,A81B6A77FEE8,32.812,15.454,6,1955,1
13:07:19,A81B6A77FEE8,32.772,15.454,6,1955,1
13:07:24,A81B6A77FEE8,32.741,15.454,6,1956,1
13:07:29,A81B6A77FEE8,32.762,15.454,6,1957,1
13:07:34,A81B6A77FEE8,32.731,15.454,6,1958,1
13:07:39,A81B6A77FEE8,32.701,15.454,6,1959,1
13:07:44,A81B6A77FEE8,32.762,15.454,6,1959,1
13:07:50,A81B6A77FEE8,32.913,15.454,6,1960,1
13:07:55,A81B6A77FEE8,32.792,15.454,6,1961,1
13:08:00,A81B6A77FEE8,32.812,7.811,6,1962,1
13:08:05,A81B6A77FEE8,32.802,15.454,6,1962,1
13:08:10,A81B6A77FEE8,32.842,15.454,6,1963,1
13:08:15,A81B6A77FEE8,32.792,15.454,6,1964,1
13:08:20,A81B6A77FEE8,32.802,15.454,6,1962,1
13:08:25,A81B6A77FEE8,32.792,15.454,6,1966,1
13:08:31,A81B6A77FEE8,32.691,15.454,6,1968,1
13:08:36,A81B6A77FEE8,32.741,15.454,6,1968,1
13:08:41,A81B6A77FEE8,32.802,15.454,6,1969,1
13:08:46,A81B6A77FEE8,32.772,15.454,6,1969,1
13:08:51,A81B6A77FEE8,32.711,15.454,6,1969,1
13:08:56,A81B6A77FEE8,32.772,15.454,6,1970,1
13:09:01,A81B6A77FEE8,32.772,15.454,6,1970,1
13:09:07,A81B6A77FEE8,32.812,15.454,6,1970,1
13:09:12,A81B6A77FEE8,32.812,15.454,6,1971,1
13:09:17,A81B6A77FEE8,32.862,15.454,6,1971,1
13:09:22,A81B6A77FEE8,32.762,15.454,6,1969,1
13:09:27,A81B6A77FEE8,32.741,15.454,6,1969,1
13:09:32,A81B6A77FEE8,32.802,15.454,6,1971,1
13:09:37,A81B6A77FEE8,32.812,15.454,6,1969,1
13:09:43,A81B6A77FEE8,32.731,15.454,6,1971,1
13:09:48,A81B6A77FEE8,32.852,15.454,6,1971,1
13:09:53,A81B6A77FEE8,32.772,15.454,6,1972,1
13:09:58,A81B6A77FEE8,32.792,15.454,6,1972,1
13:10:03,A81B6A77FEE8,32.842,15.454,6,1972,1
13:10:08,A81B6A77FEE8,32.862,15.454,6,1972,1
13:10:13,A81B6A77FEE8,32.802,15.454,6,1972,1
13:10:18,A81B6A77FEE8,32.792,15.454,6,1972,1
13:10:24,A81B6A77FEE8,32.741,15.454,6,1970,1
13:10:29,A81B6A77FEE8,32.792,15.454,6,1972,1
13:10:34,A81B6A77FEE8,32.792,15.454,6,1971,1
13:10:39,A81B6A77FEE8,32.731,15.454,6,1971,1
13:10:44,A81B6A77FEE8,32.802,15.454,6,1971,1
13:10:49,A81B6A77FEE8,32.882,15.454,6,1971,1
13:10:54,A81B6A77FEE8,32.842,15.454,6,1970,1
13:11:00,A81B6A77FEE8,32.741,15.454,6,1968,1
13:11:05,A81B6A77FEE8,32.802,15.454,6,1970,1
13:11:10,A81B6A77FEE8,32.812,15.454,6,1970,1
13:11:15,A81B6A77FEE8,32.741,15.454,6,1970,1
13:11:20,A81B6A77FEE8,32.691,15.454,6,1970,1
13:11:25,A81B6A77FEE8,32.772,15.454,6,1969,1
13:11:30,A81B6A77FEE8,32.802,15.454,6,1969,1
13:11:36,A81B6A77FEE8,32.772,15.454,6,1969,1
13:11:41,A81B6A77FEE8,32.862,15.454,6,1969,1
13:11:46,A81B6A77FEE8,32.701,15.454,6,1968,1
13:11:51,A81B6A77FEE8,32.772,15.454,6,1968,1
13:11:56,A81B6A77FEE8,32.842,15.454,6,1968,1
13:12:01,A81B6A77FEE8,32.792,15.454,6,1966,1
13:12:06,A81B6A77FEE8,32.762,15.454,6,1967,1
13:12:11,A81B6A77FEE8,32.792,15.454,6,1967,1
13:12:17,A81B6A77FEE8,32.852,15.454,6,1967,1
13:12:22,A81B6A77FEE8,32.741,15.454,6,1967,1
13:12:27,A81B6A77FEE8,32.842,15.454,6,1966,1
13:12:32,A81B6A77FEE8,32.772,15.454,6,1966,1
13:12:37,A81B6A77FEE8,32.812,15.454,6,1966,1
13:12:42,A81B6A77FEE8,32.762,15.454,6,1966,1
13:12:47,A81B6A77FEE8,32.792,15.454,6,1965,1
13:12:53,A81B6A77FEE8,32.862,15.454,6,1965,1
13:12:58,A81B6A77FEE8,32.812,15.454,6,1962,1
13:13:03,A81B6A77FEE8,32.812,15.454,6,1961,1
13:13:08,A81B6A77FEE8,32.812,15.454,6,1961,1
13:13:13,A81B6A77FEE8,32.802,15.454,6,1960,1
13:13:18,A81B6A77FEE8,32.802,15.454,6,1960,1
13:13:23,A81B6A77FEE8,32.802,15.454,6,1958,1
13:13:29,A81B6A77FEE8,32.802,15.454,6,1959,1
13:13:34,A81B6A77FEE8,32.731,15.454,6,1957,1
13:13:39,A81B6A77FEE8,32.772,15.454,6,1959,1
13:13:44,A81B6A77FEE8,32.741,15.454,6,1958,1
13:13:49,A81B6A77FEE8,32.792,15.454,6,1958,1
13:13:54,A81B6A77FEE8,32.762,15.454,6,1957,1
13:13:59,A81B6A77FEE8,32.802,15.454,6,1955,1
13:14:04,A81B6A77FEE8,32.762,15.454,6,1957,1
13:14:10,A81B6A77FEE8,32.731,15.356,6,1954,1
13:14:15,A81B6A77FEE8,32.792,15.454,6,1956,1
13:14:20,A81B6A77FEE8,32.792,15.454,6,1956,1
13:14:25,A81B6A77FEE8,32.802,15.454,6,1954,1
13:14:30,A81B6A77FEE8,32.842,15.454,1312,1957,1
13:14:35,A81B6A77FEE8,32.812,15.454,6,1957,1
13:14:40,A81B6A77FEE8,32.741,15.454,6,1957,1
13:14:46,A81B6A77FEE8,32.862,15.454,6,1956,1
13:14:51,A81B6A77FEE8,32.772,15.454,6,1954,1
13:14:56,A81B6A77FEE8,32.792,15.454,6,1956,1
13:15:01,A81B6A77FEE8,32.762,15.454,6,1953,1
13:15:06,A81B6A77FEE8,32.842,15.454,6,1955,1
13:15:11,A81B6A77FEE8,32.772,15.454,6,1954,1
13:15:16,A81B6A77FEE8,32.762,15.454,6,1954,1
13:15:22,A81B6A77FEE8,32.762,15.454,6,1954,1
13:15:27,A81B6A77FEE8,32.711,15.454,6,1953,1
13:15:32,A81B6A77FEE8,32.812,15.454,6,1952,1
13:15:37,A81B6A77FEE8,32.852,15.454,6,1952,1
13:15:42,A81B6A77FEE8,32.741,15.454,6,1952,1
13:15:47,A81B6A77FEE8,32.812,15.454,6,1952,1
13:15:52,A81B6A77FEE8,32.852,15.454,6,1951,1
13:15:58,A81B6A77FEE8,32.792,15.454,6,1951,1
13:16:03,A81B6A77FEE8,32.852,15.454,6,1949,1
13:16:08,A81B6A77FEE8,32.842,15.454,6,1950,1
13:16:13,A81B6A77FEE8,32.862,15.356,6,1950,1
13:16:18,A81B6A77FEE8,32.792,15.454,6,1950,1
13:16:23,A81B6A77FEE8,32.731,15.454,6,1947,1
13:16:28,A81B6A77FEE8,32.691,15.454,6,1948,1
13:16:33,A81B6A77FEE8,32.772,15.454,6,1948,1
13:16:39,A81B6A77FEE8,32.852,15.454,6,1948,1
13:16:44,A81B6A77FEE8,32.802,15.454,6,1945,1
13:16:49,A81B6A77FEE8,32.701,15.454,6,1947,1
13:16:54,A81B6A77FEE8,32.792,15.454,6,1946,1
13:16:59,A81B6A77FEE8,32.812,15.454,6,1944,1
13:17:04,A81B6A77FEE8,32.802,15.454,6,1945,1
13:17:09,A81B6A77FEE8,32.802,15.454,6,1945,1
13:17:15,A81B6A77FEE8,32.792,15.454,6,1944,1
13:17:20,A81B6A77FEE8,32.852,15.454,6,1943,1
13:17:25,A81B6A77FEE8,32.792,15.454,6,1943,1
13:17:30,A81B6A77FEE8,32.741,15.454,6,1943,1
13:17:35,A81B6A77FEE8,32.842,15.454,6,1942,1
13:17:40,A81B6A77FEE8,32.852,15.454,6,1942,1
13:17:45,A81B6A77FEE8,32.741,15.454,6,1941,1
13:17:51,A81B6A77FEE8,32.762,15.454,6,1941,1
13:17:56,A81B6A77FEE8,32.882,15.356,6,1939,1
13:18:01,A81B6A77FEE8,32.772,15.356,6,1938,1
13:18:06,A81B6A77FEE8,32.772,15.454,6,1938,1
13:18:11,A81B6A77FEE8,32.842,15.623,6,1940,1
13:18:16,A81B6A77FEE8,32.812,15.454,1939,1939,1
13:18:21,A81B6A77FEE8,32.772,15.454,6,1939,1
13:18:26,A81B6A77FEE8,32.772,15.454,6,1939,1
13:18:32,A81B6A77FEE8,32.711,15.454,6,1938,1
13:18:37,A81B6A77FEE8,32.762,15.454,6,1935,1
13:18:42,A81B6A77FEE8,32.772,15.454,6,1937,1
13:18:47,A81B6A77FEE8,32.772,15.454,6,1937,1
13:18:52,A81B6A77FEE8,32.792,15.454,6,1934,1
13:18:57,A81B6A77FEE8,32.812,15.356,6,1934,1
13:19:02,A81B6A77FEE8,32.762,15.454,6,1934,1
13:19:08,A81B6A77FEE8,32.792,15.454,6,1932,1
13:19:13,A81B6A77FEE8,32.772,15.454,6,1931,1
13:19:18,A81B6A77FEE8,32.842,15.454,6,1931,1
13:19:23,A81B6A77FEE8,32.741,15.454,6,1931,1
13:19:28,A81B6A77FEE8,32.711,15.454,6,1930,1
13:19:33,A81B6A77FEE8,32.741,15.454,6,1930,1
13:19:38,A81B6A77FEE8,32.802,15.356,6,1930,1
13:19:44,A81B6A77FEE8,32.741,15.454,6,1929,1
13:19:49,A81B6A77FEE8,32.731,15.356,6,1929,1
13:19:54,A81B6A77FEE8,32.762,15.454,6,1928,1
13:19:59,A81B6A77FEE8,32.731,15.356,6,1928,1
13:20:04,A81B6A77FEE8,32.772,15.454,6,1928,1
13:20:09,A81B6A77FEE8,32.711,15.356,6,1927,1
13:20:14,A81B6A77FEE8,32.711,15.454,6,1925,1
13:20:19,A81B6A77FEE8,32.792,15.454,6,1926,1
13:20:25,A81B6A77FEE8,32.762,15.454,6,1926,1
13:20:30,A81B6A77FEE8,32.741,15.454,6,1928,1
13:20:35,A81B6A77FEE8,32.741,15.454,6,1928,1
13:20:40,A81B6A77FEE8,32.812,15.454,6,1928,1
13:20:45,A81B6A77FEE8,32.802,15.454,6,1927,1
13:20:50,A81B6A77FEE8,32.741,15.454,6,1927,1
13:20:55,A81B6A77FEE8,32.802,15.356,6,1927,1
13:21:01,A81B6A77FEE8,32.802,15.356,6,1926,1
13:21:06,A81B6A77FEE8,32.792,15.454,6,1925,1
13:21:11,A81B6A77FEE8,32.812,15.454,6,1924,1
13:21:16,A81B6A77FEE8,32.802,15.356,6,1925,1
13:21:21,A81B6A77FEE8,32.802,44.122,6,1925,1
13:21:26,A81B6A77FEE8,32.731,15.356,6,1922,1
13:21:31,A81B6A77FEE8,32.741,15.356,6,1925,1
13:21:37,A81B6A77FEE8,32.772,15.454,6,1924,1
13:21:42,A81B6A77FEE8,32.802,15.356,6,1924,1
13:21:47,A81B6A77FEE8,32.741,15.356,6,1923,1
13:21:52,A81B6A77FEE8,32.731,15.454,6,1923,1
13:21:57,A81B6A77FEE8,32.762,15.356,6,1921,1
13:22:02,A81B6A77FEE8,32.852,15.454,6,1923,1
13:22:07,A81B6A77FEE8,32.731,15.356,6,1922,1
13:22:12,A81B6A77FEE8,32.762,15.356,6,1922,1
13:22:18,A81B6A77FEE8,32.802,15.454,6,1921,1
13:22:23,A81B6A77FEE8,32.802,15.356,6,1921,1
13:22:28,A81B6A77FEE8,32.802,15.454,6,1921,1
13:22:33,A81B6A77FEE8,32.661,15.369,6,1920,1
13:22:38,A81B6A77FEE8,32.731,15.356,6,1920,1
13:22:43,A81B6A77FEE8,32.792,15.454,6,1919,1
13:22:48,A81B6A77FEE8,32.792,15.454,6,1919,1
13:22:54,A81B6A77FEE8,32.711,15.454,6,1919,1
13:22:59,A81B6A77FEE8,32.802,15.356,6,1918,1
13:23:04,A81B6A77FEE8,32.792,15.356,6,1918,1
13:23:09,A81B6A77FEE8,32.762,15.454,6,1917,1
13:23:14,A81B6A77FEE8,32.792,15.356,1915,1916,1
13:23:19,A81B6A77FEE8,32.802,15.356,6,1915,1
13:23:24,A81B6A77FEE8,32.762,15.356,6,1912,1
13:23:30,A81B6A77FEE8,32.792,15.356,6,1907,1
13:23:35,A81B6A77FEE8,32.772,15.356,6,1903,1
13:23:40,A81B6A77FEE8,32.792,15.454,6,1894,1
13:23:45,A81B6A77FEE8,32.772,15.356,6,1887,1
13:23:50,A81B6A77FEE8,32.762,15.356,5,1883,1
13:23:55,A81B6A77FEE8,32.731,15.356,6,1876,1
13:24:00,A81B6A77FEE8,32.812,15.356,6,1868,1
13:24:05,A81B6A77FEE8,32.792,15.356,5,1860,1
13:24:11,A81B6A77FEE8,32.812,15.356,6,1854,1
13:24:16,A81B6A77FEE8,32.711,15.454,5,1853,1
13:24:21,A81B6A77FEE8,32.842,15.454,5,1851,1
13:24:26,A81B6A77FEE8,32.762,15.356,5,1855,1
13:24:31,A81B6A77FEE8,32.812,15.356,6,1853,1
13:24:36,A81B6A77FEE8,32.762,15.356,5,1845,1
13:24:41,A81B6A77FEE8,32.842,15.356,5,1839,1
13:24:47,A81B6A77FEE8,32.852,15.356,5,1838,1
13:24:52,A81B6A77FEE8,32.741,15.356,5,1836,1
13:24:57,A81B6A77FEE8,32.772,15.454,5,1832,1
13:25:02,A81B6A77FEE8,32.842,15.454,5,1829,1
13:25:07,A81B6A77FEE8,32.772,15.356,1823,1820,1
13:25:12,A81B6A77FEE8,32.802,15.356,5,1817,1
13:25:17,A81B6A77FEE8,32.802,15.356,5,1815,1
13:25:23,A81B6A77FEE8,32.792,15.356,6,1811,1
13:25:28,A81B6A77FEE8,32.772,15.356,5,1810,1
13:25:33,A81B6A77FEE8,32.852,15.356,5,1805,1
13:25:38,A81B6A77FEE8,32.772,15.356,5,1798,1
13:25:43,A81B6A77FEE8,32.772,15.356,5,1791,1
13:25:48,A81B6A77FEE8,32.772,15.454,5,1789,1
13:25:53,A81B6A77FEE8,32.802,15.356,5,1787,1
13:25:59,A81B6A77FEE8,32.711,15.454,5,1782,1
13:26:04,A81B6A77FEE8,32.772,15.356,5,1775,1
13:26:09,A81B6A77FEE8,32.812,15.356,5,1767,1
13:26:14,A81B6A77FEE8,32.701,15.356,5,1769,1
13:26:19,A81B6A77FEE8,32.792,15.356,5,1772,1
13:26:24,A81B6A77FEE8,32.802,15.356,5,1771,1
13:26:29,A81B6A77FEE8,32.812,15.356,5,1769,1
13:26:34,A81B6A77FEE8,32.862,15.356,5,1767,1
13:26:40,A81B6A77FEE8,32.812,15.356,5,1762,1
13:26:45,A81B6A77FEE8,32.772,15.356,5,1756,1
13:26:50,A81B6A77FEE8,32.802,15.356,5,1749,1
13:26:55,A81B6A77FEE8,32.792,15.454,5,1756,1
13:27:00,A81B6A77FEE8,32.792,15.356,5,1759,1
13:27:05,A81B6A77FEE8,32.862,15.356,5,1759,1
13:27:10,A81B6A77FEE8,32.741,15.356,5,1760,1
13:27:16,A81B6A77FEE8,32.792,15.356,5,1757,1
13:27:21,A81B6A77FEE8,32.842,15.356,6,1753,1
13:27:26,A81B6A77FEE8,32.802,15.356,5,1752,1
13:27:31,A81B6A77FEE8,32.741,15.356,5,1753,1
13:27:36,A81B6A77FEE8,32.741,15.356,5,1753,1
13:27:41,A81B6A77FEE8,32.741,15.356,5,1751,1
13:27:46,A81B6A77FEE8,32.711,15.356,5,1750,1
13:27:52,A81B6A77FEE8,32.792,15.356,5,1751,1
13:27:57,A81B6A77FEE8,32.812,15.356,5,1752,1
13:28:02,A81B6A77FEE8,32.701,15.356,5,1754,1
13:28:07,A81B6A77FEE8,32.772,15.356,6,1754,1
13:28:12,A81B6A77FEE8,32.762,15.356,5,1755,1
13:28:17,A81B6A77FEE8,32.792,15.356,6,1750,1
13:28:22,A81B6A77FEE8,32.772,15.356,5,1742,1
13:28:27,A81B6A77FEE8,32.701,15.356,5,1742,1
13:28:33,A81B6A77FEE8,32.711,15.356,5,1745,1
13:28:38,A81B6A77FEE8,32.772,15.356,5,1746,1
13:28:43,A81B6A77FEE8,32.852,15.356,5,1742,1
13:28:48,A81B6A77FEE8,32.802,15.356,5,1738,1
13:28:53,A81B6A77FEE8,32.772,15.356,5,1735,1
13:28:58,A81B6A77FEE8,32.802,15.356,5,1733,1
13:29:03,A81B6A77FEE8,32.762,15.356,5,1731,1
13:29:09,A81B6A77FEE8,32.701,15.356,5,1732,1
13:29:14,A81B6A77FEE8,32.792,15.356,6,1738,1
13:29:19,A81B6A77FEE8,32.772,15.356,5,1738,1
13:29:24,A81B6A77FEE8,32.741,15.356,5,1735,1
13:29:29,A81B6A77FEE8,32.852,15.356,6,1734,1
13:29:34,A81B6A77FEE8,32.792,15.356,5,1734,1
13:29:39,A81B6A77FEE8,32.792,15.356,5,1731,1
13:29:44,A81B6A77FEE8,32.792,15.356,5,1731,1
13:29:50,A81B6A77FEE8,32.792,15.356,5,1731,1
13:29:55,A81B6A77FEE8,32.812,15.356,6,1726,1
13:30:00,A81B6A77FEE8,32.741,15.356,5,1719,1
13:30:05,A81B6A77FEE8,32.792,15.356,1717,1717,1
13:30:10,A81B6A77FEE8,32.762,15.356,5,1717,1
13:30:15,A81B6A77FEE8,32.772,15.356,6,1717,1
13:30:20,A81B6A77FEE8,32.741,15.259,5,1716,1
13:30:26,A81B6A77FEE8,32.802,15.356,6,1714,1
13:30:31,A81B6A77FEE8,32.842,15.356,6,1715,1
13:30:36,A81B6A77FEE8,32.741,15.356,6,1711,1
13:30:41,A81B6A77FEE8,32.772,15.356,5,1709,1
13:30:46,A81B6A77FEE8,32.772,15.356,5,1711,1
13:30:51,A81B6A77FEE8,32.772,15.356,5,1708,1
13:30:56,A81B6A77FEE8,32.812,15.356,6,1706,1
13:31:02,A81B6A77FEE8,32.802,15.356,6,1710,1
13:31:07,A81B6A77FEE8,32.772,15.356,5,1711,1
13:31:12,A81B6A77FEE8,32.802,15.454,5,1710,1
13:31:17,A81B6A77FEE8,32.852,15.356,5,1709,1
13:31:22,A81B6A77FEE8,32.802,15.356,5,1705,1
13:31:27,A81B6A77FEE8,32.762,15.356,5,1706,1
13:31:32,A81B6A77FEE8,32.772,15.356,5,1709,1
13:31:37,A81B6A77FEE8,32.842,15.356,5,1708,1
13:31:43,A81B6A77FEE8,32.762,15.356,5,1711,1
13:31:48,A81B6A77FEE8,-1000,15.356,5,1712,1
13:31:53,A81B6A77FEE8,32.812,15.356,5,1706,1
13:31:58,A81B6A77FEE8,32.812,15.356,5,1704,1
13:32:03,A81B6A77FEE8,32.802,15.356,5,1706,1
13:32:08,A81B6A77FEE8,32.762,15.356,6,1710,1
13:32:13,A81B6A77FEE8,32.802,15.356,5,1712,1
13:32:19,A81B6A77FEE8,32.802,15.356,6,1715,1
13:32:24,A81B6A77FEE8,32.842,15.356,6,1715,1
13:32:29,A81B6A77FEE8,32.792,15.356,6,1712,1
13:32:34,A81B6A77FEE8,32.842,15.356,5,1709,1
13:32:39,A81B6A77FEE8,32.842,15.356,6,1711,1
13:32:44,A81B6A77FEE8,32.882,15.356,6,1708,1
13:32:49,A81B6A77FEE8,32.741,15.356,6,1710,1
13:32:55,A81B6A77FEE8,32.741,15.356,6,1714,1
13:33:00,A81B6A77FEE8,32.882,15.356,6,1715,1
13:33:05,A81B6A77FEE8,32.852,15.356,6,1713,1
13:33:10,A81B6A77FEE8,32.802,15.259,5,1712,1
13:33:15,A81B6A77FEE8,32.802,15.356,6,1709,1
13:33:20,A81B6A77FEE8,32.842,15.356,6,1707,1
13:33:25,A81B6A77FEE8,32.812,15.356,6,1704,1
13:33:31,A81B6A77FEE8,32.802,15.356,6,1700,1
13:33:36,A81B6A77FEE8,32.802,15.356,6,1697,1
13:33:41,A81B6A77FEE8,32.862,15.356,6,1701,1
13:33:46,A81B6A77FEE8,32.812,15.356,6,1706,1
13:33:51,A81B6A77FEE8,32.812,15.356,6,1708,1
13:33:56,A81B6A77FEE8,32.842,15.356,6,1706,1
13:34:01,A81B6A77FEE8,32.842,15.356,6,1703,1
13:34:06,A81B6A77FEE8,32.842,15.259,6,1702,1
13:34:12,A81B6A77FEE8,32.842,15.356,6,1701,1
13:34:17,A81B6A77FEE8,32.802,15.356,6,1704,1
13:34:22,A81B6A77FEE8,32.862,15.356,6,1708,1
13:34:27,A81B6A77FEE8,32.852,15.356,6,1708,1
13:34:32,A81B6A77FEE8,32.842,15.356,6,1711,1
13:34:37,A81B6A77FEE8,32.842,15.259,6,1715,1
13:34:42,A81B6A77FEE8,32.913,15.356,6,1716,1
13:34:48,A81B6A77FEE8,32.842,15.356,6,1713,1
13:34:53,A81B6A77FEE8,32.852,15.356,6,1712,1
13:34:58,A81B6A77FEE8,32.933,15.253,6,1713,1
13:35:03,A81B6A77FEE8,32.842,15.356,6,1120,1
13:35:08,A81B6A77FEE8,32.812,15.356,6,1715,1
13:35:13,A81B6A77FEE8,32.842,15.259,6,1715,1
13:35:18,A81B6A77FEE8,32.792,15.356,6,1716,1
13:35:24,A81B6A77FEE8,32.772,15.259,6,1715,1
13:35:29,A81B6A77FEE8,32.882,15.259,6,1717,1
13:35:34,A81B6A77FEE8,32.812,15.356,6,1717,1
13:35:39,A81B6A77FEE8,32.812,15.356,6,1716,1
13:35:44,A81B6A77FEE8,32.842,15.356,6,1716,1
13:35:49,A81B6A77FEE8,32.802,15.356,6,1713,1
13:35:54,A81B6A77FEE8,32.812,15.356,6,1713,1
13:35:59,A81B6A77FEE8,32.852,15.356,6,1713,1
13:36:05,A81B6A77FEE8,32.792,15.356,6,1714,1
13:36:10,A81B6A77FEE8,32.882,15.356,6,1715,1
13:36:15,A81B6A77FEE8,32.772,15.356,6,1711,1
13:36:20,A81B6A77FEE8,32.862,15.356,6,1708,1
13:36:25,A81B6A77FEE8,32.762,15.356,6,1709,1
13:36:30,A81B6A77FEE8,32.882,15.259,6,1711,1
13:36:35,A81B6A77FEE8,32.842,15.356,6,1710,1
13:36:41,A81B6A77FEE8,32.812,15.356,6,1711,1
13:36:46,A81B6A77FEE8,32.802,15.356,6,1712,1
13:36:51,A81B6A77FEE8,32.772,15.356,6,1717,1
13:36:56,A81B6A77FEE8,32.792,15.356,6,1722,1
13:37:01,A81B6A77FEE8,32.862,15.356,6,1725,1
13:37:06,A81B6A77FEE8,32.762,15.356,6,1724,1
13:37:11,A81B6A77FEE8,32.812,15.356,6,1720,1
13:37:17,A81B6A77FEE8,32.772,15.356,6,1715,1
13:37:22,A81B6A77FEE8,32.882,15.356,6,1714,1
13:37:27,A81B6A77FEE8,32.772,15.356,6,1714,1
13:37:32,A81B6A77FEE8,32.892,15.259,6,1715,1
13:37:37,A81B6A77FEE8,32.882,15.356,6,1711,1
13:37:42,A81B6A77FEE8,32.862,15.356,6,1712,1
13:37:47,A81B6A77FEE8,32.772,15.356,6,1710,1
13:37:52,A81B6A77FEE8,32.792,15.356,6,1710,1
13:37:58,A81B6A77FEE8,32.812,15.356,6,1715,1
13:38:03,A81B6A77FEE8,32.842,15.356,6,1716,1
13:38:08,A81B6A77FEE8,32.842,15.259,6,1720,1
13:38:13,A81B6A77FEE8,32.792,15.356,6,1724,1
13:38:18,A81B6A77FEE8,32.802,15.356,6,1726,1
13:38:23,A81B6A77FEE8,32.762,15.356,6,1727,1
13:38:28,A81B6A77FEE8,32.741,15.356,6,1726,1
13:38:34,A81B6A77FEE8,32.852,15.356,6,1724,1
13:38:39,A81B6A77FEE8,32.842,15.356,6,1724,1
13:38:44,A81B6A77FEE8,32.852,15.356,6,1724,1
13:38:49,A81B6A77FEE8,32.892,15.356,6,1725,1
13:38:54,A81B6A77FEE8,32.802,15.356,6,1725,1
13:38:59,A81B6A77FEE8,32.862,15.356,6,1722,1
13:39:04,A81B6A77FEE8,32.842,15.259,6,1722,1
13:39:10,A81B6A77FEE8,32.923,15.356,6,1724,1
13:39:15,A81B6A77FEE8,32.792,15.356,6,1723,1
13:39:20,A81B6A77FEE8,32.852,15.356,6,1721,1
13:39:25,A81B6A77FEE8,32.842,15.356,6,1717,1
13:39:30,A81B6A77FEE8,32.882,15.356,6,1714,1
13:39:35,A81B6A77FEE8,32.842,15.356,6,1714,1
13:39:40,A81B6A77FEE8,32.812,15.356,6,1715,1
13:39:45,A81B6A77FEE8,32.852,15.356,6,1716,1
13:39:51,A81B6A77FEE8,32.792,15.356,6,1719,1
13:39:56,A81B6A77FEE8,32.842,15.356,6,1717,1
13:40:01,A81B6A77FEE8,32.772,15.356,6,1714,1
13:40:06,A81B6A77FEE8,32.882,15.259,6,1712,1
13:40:11,A81B6A77FEE8,32.862,15.356,6,1715,1
13:40:16,A81B6A77FEE8,32.842,15.356,6,1714,1
13:40:21,A81B6A77FEE8,32.792,15.356,6,1710,1
13:40:27,A81B6A77FEE8,32.812,15.259,6,1710,1
13:40:32,A81B6A77FEE8,32.741,15.356,6,1714,1
13:40:37,A81B6A77FEE8,32.882,15.356,6,1716,1
13:40:42,A81B6A77FEE8,32.812,15.259,6,1722,1
13:40:47,A81B6A77FEE8,32.862,15.356,6,1720,1
13:40:52,A81B6A77FEE8,32.802,15.356,6,1718,1
13:40:57,A81B6A77FEE8,32.852,15.356,6,1717,1
13:41:03,A81B6A77FEE8,32.762,15.356,6,1713,1
13:41:08,A81B6A77FEE8,32.852,15.356,6,1714,1
13:41:13,A81B6A77FEE8,32.812,15.259,6,1721,1
13:41:18,A81B6A77FEE8,32.913,15.356,6,1720,1
13:41:23,A81B6A77FEE8,32.812,15.356,6,1718,1
13:41:28,A81B6A77FEE8,32.802,15.356,6,1719,1
13:41:33,A81B6A77FEE8,32.802,15.356,6,1718,1
13:41:38,A81B6A77FEE8,32.802,15.356,6,1718,1
13:41:44,A81B6A77FEE8,32.762,15.356,6,1717,1
13:41:49,A81B6A77FEE8,32.862,15.259,6,1715,1
13:41:54,A81B6A77FEE8,32.792,15.356,6,1709,1
13:41:59,A81B6A77FEE8,32.852,15.259,6,1705,1
13:42:04,A81B6A77FEE8,32.892,15.356,6,1703,1
13:42:09,A81B6A77FEE8,32.812,15.356,6,1700,1
13:42:14,A81B6A77FEE8,32.852,15.356,6,1706,1
13:42:20,A81B6A77FEE8,32.882,15.259,6,1709,1
13:42:25,A81B6A77FEE8,32.812,15.356,6,1711,1
13:42:30,A81B6A77FEE8,32.842,15.259,6,1718,1
13:42:35,A81B6A77FEE8,32.862,15.356,6,1721,1
13:42:40,A81B6A77FEE8,32.802,15.356,6,1719,1
13:42:45,A81B6A77FEE8,32.802,15.356,6,1715,1
13:42:50,A81B6A77FEE8,32.933,15.35,6,1713,1
13:42:56,A81B6A77FEE8,32.913,15.356,6,1710,1
13:43:01,A81B6A77FEE8,32.802,15.356,6,1707,1
13:43:06,A81B6A77FEE8,32.862,15.356,6,1707,1
13:43:11,A81B6A77FEE8,32.812,15.356,6,1710,1
13:43:16,A81B6A77FEE8,32.913,15.356,6,1712,1
13:43:21,A81B6A77FEE8,32.812,15.356,6,1714,1
13:43:26,A81B6A77FEE8,32.792,15.356,6,1708,1
13:43:31,A81B6A77FEE8,32.852,15.356,6,1704,1
13:43:37,A81B6A77FEE8,32.852,15.356,6,1701,1
13:43:42,A81B6A77FEE8,32.842,15.356,6,1700,1
13:43:47,A81B6A77FEE8,32.842,15.356,6,1699,1
13:43:52,A81B6A77FEE8,32.852,15.356,6,1704,1
13:43:57,A81B6A77FEE8,32.812,15.356,6,1711,1
13:44:02,A81B6A77FEE8,32.792,15.356,6,1711,1
13:44:07,A81B6A77FEE8,32.882,15.356,6,1712,1
13:44:13,A81B6A77FEE8,32.812,15.356,6,1709,1
13:44:18,A81B6A77FEE8,32.812,15.259,6,1708,1
13:44:23,A81B6A77FEE8,32.802,15.259,6,1705,1
13:44:28,A81B6A77FEE8,32.852,15.356,6,1700,1
13:44:33,A81B6A77FEE8,32.913,15.356,6,1698,1
13:44:38,A81B6A77FEE8,32.852,15.356,6,1700,1
13:44:43,A81B6A77FEE8,32.882,15.356,6,1701,1
13:44:49,A81B6A77FEE8,32.852,15.356,6,1700,1
13:44:54,A81B6A77FEE8,32.802,15.356,6,1701,1
13:44:59,A81B6A77FEE8,-1000,15.356,6,1699,1
13:45:04,A81B6A77FEE8,32.842,15.259,6,1701,1
13:45:09,A81B6A77FEE8,32.812,15.356,6,1705,1
13:45:14,A81B6A77FEE8,32.762,15.356,6,1706,1
13:45:19,A81B6A77FEE8,32.792,15.356,6,1708,1
13:45:24,A81B6A77FEE8,32.862,15.356,6,1710,1
13:45:30,A81B6A77FEE8,32.842,15.356,6,1714,1
13:45:35,A81B6A77FEE8,32.913,15.356,6,1716,1
13:45:40,A81B6A77FEE8,32.852,15.356,6,1716,1
13:45:45,A81B6A77FEE8,32.792,15.356,6,1715,1
13:45:50,A81B6A77FEE8,32.862,15.356,6,1715,1
13:45:55,A81B6A77FEE8,32.812,15.356,6,1710,1
13:46:00,A81B6A77FEE8,32.862,15.356,6,1709,1
13:46:06,A81B6A77FEE8,32.862,15.356,6,1707,1
13:46:11,A81B6A77FEE8,32.812,15.356,6,1712,1
13:46:16,A81B6A77FEE8,32.892,15.356,6,1717,1
13:46:21,A81B6A77FEE8,32.862,15.356,6,1718,1
13:46:26,A81B6A77FEE8,32.802,15.259,6,1719,1
13:46:31,A81B6A77FEE8,32.842,15.356,6,1714,1
13:46:36,A81B6A77FEE8,32.852,15.356,6,1709,1
13:46:42,A81B6A77FEE8,32.812,15.356,6,1707,1
13:46:47,A81B6A77FEE8,32.852,15.356,6,1704,1
13:46:52,A81B6A77FEE8,32.882,15.356,6,1705,1
13:46:57,A81B6A77FEE8,32.842,15.259,1710,1710,1
13:47:02,A81B6A77FEE8,32.892,15.356,6,1709,1
13:47:07,A81B6A77FEE8,32.892,15.356,6,1705,1
13:47:12,A81B6A77FEE8,32.923,15.259,6,1698,1
13:47:17,A81B6A77FEE8,32.913,15.259,6,1699,1
13:47:23,A81B6A77FEE8,32.963,15.253,6,1700,1
13:47:28,A81B6A77FEE8,32.923,15.356,6,1700,1
13:47:33,A81B6A77FEE8,32.923,15.259,6,1702,1
13:47:38,A81B6A77FEE8,32.963,15.253,6,1699,1
13:47:43,A81B6A77FEE8,32.933,15.253,6,1694,1
13:47:48,A81B6A77FEE8,32.953,15.253,6,1696,1
13:47:53,A81B6A77FEE8,32.993,15.253,6,1700,1
13:47:59,A81B6A77FEE8,32.963,15.253,6,1702,1
13:48:04,A81B6A77FEE8,32.933,15.253,6,1707,1
13:48:09,A81B6A77FEE8,32.933,15.253,6,1707,1
13:48:14,A81B6A77FEE8,32.963,15.253,6,1705,1
13:48:19,A81B6A77FEE8,32.913,15.259,6,1706,1
13:48:24,A81B6A77FEE8,32.923,15.259,6,1709,1
13:48:29,A81B6A77FEE8,33.044,15.253,6,1709,1
13:48:35,A81B6A77FEE8,32.913,15.259,6,1705,1
13:48:40,A81B6A77FEE8,32.933,15.253,6,1704,1
13:48:45,A81B6A77FEE8,32.983,15.253,6,1702,1
13:48:50,A81B6A77FEE8,32.953,15.253,6,1701,1
13:48:55,A81B6A77FEE8,32.983,15.253,6,1701,1
13:49:00,A81B6A77FEE8,33.033,15.253,6,1703,1
13:49:05,A81B6A77FEE8,32.953,15.253,6,1705,1
13:49:11,A81B6A77FEE8,32.923,15.259,6,1703,1
13:49:16,A81B6A77FEE8,33.044,15.253,6,1705,1
13:49:21,A81B6A77FEE8,33.033,15.253,6,1707,1
13:49:26,A81B6A77FEE8,32.913,15.259,6,1709,1
13:49:31,A81B6A77FEE8,33.033,15.155,6,1708,1
13:49:36,A81B6A77FEE8,33.033,15.253,6,1706,1
13:49:41,A81B6A77FEE8,32.923,15.259,6,1705,1
13:49:46,A81B6A77FEE8,33.044,15.253,6,1704,1
13:49:52,A81B6A77FEE8,33.013,15.155,6,1705,1
13:49:57,A81B6A77FEE8,33.033,15.155,6,1706,1
13:50:02,A81B6A77FEE8,32.953,15.253,6,1710,1
13:50:07,A81B6A77FEE8,32.953,15.253,6,1711,1
13:50:12,A81B6A77FEE8,32.963,15.253,6,1709,1
13:50:17,A81B6A77FEE8,32.993,15.253,6,1709,1
13:50:22,A81B6A77FEE8,32.892,15.259,6,1710,1
13:50:28,A81B6A77FEE8,32.933,15.253,6,1714,1
13:50:33,A81B6A77FEE8,33.033,15.253,6,1711,1
13:50:38,A81B6A77FEE8,32.963,15.253,6,1709,1
13:50:43,A81B6A77FEE8,32.892,15.259,6,1706,1
13:50:48,A81B6A77FEE8,32.963,15.253,6,1706,1
13:50:53,A81B6A77FEE8,33.033,15.253,6,1707,1
13:50:58,A81B6A77FEE8,32.933,15.253,6,1708,1
13:51:04,A81B6A77FEE8,32.963,15.253,6,1708,1
13:51:09,A81B6A77FEE8,32.933,15.253,6,1705,1
13:51:14,A81B6A77FEE8,32.963,15.253,6,1709,1
13:51:19,A81B6A77FEE8,32.993,15.253,6,1712,1
13:51:24,A81B6A77FEE8,32.993,15.253,6,1711,1
13:51:29,A81B6A77FEE8,32.862,15.259,6,1707,1
13:51:34,A81B6A77FEE8,32.953,15.253,6,1709,1
13:51:39,A81B6A77FEE8,32.923,15.259,6,1708,1
13:51:45,A81B6A77FEE8,32.983,15.253,6,1707,1
13:51:50,A81B6A77FEE8,32.913,15.259,6,1707,1
13:51:55,A81B6A77FEE8,32.933,15.253,6,1711,1
13:52:00,A81B6A77FEE8,32.882,15.259,6,1716,1
13:52:05,A81B6A77FEE8,32.913,15.259,6,1717,1
13:52:10,A81B6A77FEE8,32.993,15.253,6,1713,1
13:52:15,A81B6A77FEE8,32.953,15.253,6,1708,1
13:52:21,A81B6A77FEE8,32.963,15.253,6,1704,1
13:52:26,A81B6A77FEE8,32.953,15.253,6,1702,1
13:52:31,A81B6A77FEE8,32.953,15.253,6,1699,1
13:52:36,A81B6A77FEE8,32.953,15.253,6,1697,1
13:52:41,A81B6A77FEE8,32.892,15.259,6,1699,1
13:52:46,A81B6A77FEE8,32.892,15.259,6,1702,1
13:52:51,A81B6A77FEE8,32.933,15.253,6,1706,1
13:52:56,A81B6A77FEE8,32.882,15.356,6,1701,1
13:53:02,A81B6A77FEE8,32.913,15.259,6,1698,1
13:53:07,A81B6A77FEE8,32.953,15.253,6,1700,1
13:53:12,A81B6A77FEE8,32.882,15.259,6,1707,1
13:53:17,A81B6A77FEE8,32.913,15.259,6,1714,1
13:53:22,A81B6A77FEE8,32.953,15.253,1721,1721,1
13:53:27,A81B6A77FEE8,32.862,15.259,6,1728,1
13:53:32,A81B6A77FEE8,32.963,15.253,6,1735,1
13:53:38,A81B6A77FEE8,32.852,15.259,6,1744,1
13:53:43,A81B6A77FEE8,32.892,15.259,6,1751,1
13:53:48,A81B6A77FEE8,32.953,15.253,6,1757,1
13:53:53,A81B6A77FEE8,32.892,15.259,6,1767,1
13:53:58,A81B6A77FEE8,32.923,15.259,6,1774,1
13:54:03,A81B6A77FEE8,32.913,15.259,6,1780,1
13:54:08,A81B6A77FEE8,32.923,15.259,6,1786,1
13:54:14,A81B6A77FEE8,32.993,15.253,6,1792,1
13:54:19,A81B6A77FEE8,32.892,15.259,6,1799,1
13:54:24,A81B6A77FEE8,32.892,15.259,6,1805,1
13:54:29,A81B6A77FEE8,32.963,15.253,6,1812,1
13:54:34,A81B6A77FEE8,32.983,15.253,6,1820,1
13:54:39,A81B6A77FEE8,32.892,15.259,6,1825,1
13:54:44,A81B6A77FEE8,33.033,15.253,6,1829,1
13:54:49,A81B6A77FEE8,32.892,15.259,6,1834,1
13:54:55,A81B6A77FEE8,32.882,15.259,6,1839,1
13:55:00,A81B6A77FEE8,32.913,15.259,6,1843,1
13:55:05,A81B6A77FEE8,32.963,15.253,6,1847,1
13:55:10,A81B6A77FEE8,32.993,15.35,6,1851,1
13:55:15,A81B6A77FEE8,32.983,15.253,6,1855,1
13:55:20,A81B6A77FEE8,32.812,15.259,6,1859,1
13:55:25,A81B6A77FEE8,32.923,15.259,6,1861,1
13:55:31,A81B6A77FEE8,32.963,15.253,6,1866,1
13:55:36,A81B6A77FEE8,32.862,15.259,6,1867,1
13:55:41,A81B6A77FEE8,32.953,15.253,6,1870,1
13:55:46,A81B6A77FEE8,32.913,15.356,6,1874,1
13:55:51,A81B6A77FEE8,32.963,15.253,6,1877,1
13:55:56,A81B6A77FEE8,32.913,15.259,6,1880,1
13:56:01,A81B6A77FEE8,32.993,15.253,6,1883,1
13:56:07,A81B6A77FEE8,32.923,15.259,6,1886,1
13:56:12,A81B6A77FEE8,32.923,15.259,6,1887,1
13:56:17,A81B6A77FEE8,32.933,15.35,6,1891,1
13:56:22,A81B6A77FEE8,32.923,15.259,6,1893,1
13:56:27,A81B6A77FEE8,32.953,15.253,6,1895,1
13:56:32,A81B6A77FEE8,32.862,15.259,6,1898,1
13:56:37,A81B6A77FEE8,32.953,15.253,6,1900,1
13:56:43,A81B6A77FEE8,32.983,15.253,6,1902,1
13:56:48,A81B6A77FEE8,32.913,15.259,6,1905,1
13:56:53,A81B6A77FEE8,32.852,15.356,6,1907,1
13:56:58,A81B6A77FEE8,32.953,15.253,6,1911,1
13:57:03,A81B6A77FEE8,32.892,15.259,6,1914,1
13:57:08,A81B6A77FEE8,32.953,-1000,1910,1913,1
13:57:13,A81B6A77FEE8,32.892,15.259,6,1916,1
13:57:19,A81B6A77FEE8,32.923,15.259,6,1919,1
13:57:24,A81B6A77FEE8,32.993,15.253,6,1921,1
13:57:29,A81B6A77FEE8,32.882,15.259,6,1922,1
13:57:34,A81B6A77FEE8,32.983,15.253,6,1923,1
13:57:39,A81B6A77FEE8,32.852,15.259,6,1924,1
13:57:44,A81B6A77FEE8,32.882,15.259,6,1926,1
13:57:49,A81B6A77FEE8,32.953,15.253,6,1925,1
13:57:54,A81B6A77FEE8,32.892,15.259,6,1927,1
13:58:00,A81B6A77FEE8,32.913,15.259,6,1930,1
13:58:05,A81B6A77FEE8,32.892,15.356,6,1931,1
13:58:10,A81B6A77FEE8,32.882,15.259,6,1932,1
13:58:15,A81B6A77FEE8,32.953,15.35,6,1933,1
13:58:20,A81B6A77FEE8,32.923,15.259,6,1934,1
13:58:25,A81B6A77FEE8,32.953,15.253,6,1935,1
13:58:30,A81B6A77FEE8,32.892,15.259,6,1936,1
13:58:36,A81B6A77FEE8,32.913,15.259,6,1937,1
13:58:41,A81B6A77FEE8,32.882,15.259,6,1938,1
13:58:46,A81B6A77FEE8,32.983,15.253,6,1939,1
13:58:51,A81B6A77FEE8,32.862,15.356,6,1940,1
13:58:56,A81B6A77FEE8,32.923,15.259,6,1942,1
13:59:01,A81B6A77FEE8,32.933,15.253,6,1941,1
13:59:06,A81B6A77FEE8,32.923,15.259,6,1943,1
13:59:12,A81B6A77FEE8,32.882,15.259,6,1941,1
13:59:17,A81B6A77FEE8,32.933,15.253,6,1944,1
13:59:22,A81B6A77FEE8,32.933,15.253,6,1945,1
13:59:27,A81B6A77FEE8,32.933,15.253,6,1945,1
13:59:32,A81B6A77FEE8,32.852,15.259,6,1946,1
13:59:37,A81B6A77FEE8,32.892,15.259,6,1946,1
13:59:42,A81B6A77FEE8,32.923,15.259,6,1946,1
13:59:47,A81B6A77FEE8,32.923,15.259,6,1947,1
13:59:53,A81B6A77FEE8,32.892,15.356,6,1947,1
13:59:58,A81B6A77FEE8,32.963,15.253,6,1948,1
14:00:03,A81B6A77FEE8,32.862,15.259,6,1948,1
14:00:08,A81B6A77FEE8,32.913,15.259,6,1949,1
14:00:13,A81B6A77FEE8,32.993,15.253,6,1950,1
14:00:18,A81B6A77FEE8,32.923,15.356,6,1949,1
14:00:23,A81B6A77FEE8,32.933,15.253,6,1950,1
14:00:29,A81B6A77FEE8,32.933,15.253,6,1950,1
14:00:34,A81B6A77FEE8,32.983,15.253,6,1950,1
14:00:39,A81B6A77FEE8,32.963,15.253,6,1948,1
14:00:44,A81B6A77FEE8,32.882,15.259,6,1951,1
14:00:49,A81B6A77FEE8,32.983,15.35,6,1951,1
14:00:54,A81B6A77FEE8,32.892,15.259,6,1951,1
14:00:59,A81B6A77FEE8,32.963,15.253,6,1951,1
14:01:05,A81B6A77FEE8,32.913,15.356,6,1952,1
14:01:10,A81B6A77FEE8,32.882,15.259,6,1952,1
14:01:15,A81B6A77FEE8,32.933,15.253,6,1952,1
14:01:20,A81B6A77FEE8,32.953,15.253,6,1950,1
14:01:25,A81B6A77FEE8,32.963,15.253,6,1952,1
14:01:30,A81B6A77FEE8,32.953,15.253,6,1952,1
14:01:35,A81B6A77FEE8,32.892,15.259,6,1952,1
14:01:40,A81B6A77FEE8,32.963,15.253,6,1951,1
14:01:46,A81B6A77FEE8,32.983,15.253,6,1948,1
14:01:51,A81B6A77FEE8,32.913,15.259,6,1946,1
14:01:56,A81B6A77FEE8,32.983,15.253,6,1948,1
14:02:01,A81B6A77FEE8,32.933,15.35,6,1950,1
14:02:06,A81B6A77FEE8,32.882,15.259,6,1949,1
14:02:11,A81B6A77FEE8,32.953,15.253,6,1946,1
14:02:16,A81B6A77FEE8,32.953,15.253,6,1948,1
14:02:22,A81B6A77FEE8,32.963,15.253,6,1948,1
14:02:27,A81B6A77FEE8,32.933,15.253,6,1948,1
14:02:32,A81B6A77FEE8,32.993,15.253,6,1948,1
14:02:37,A81B6A77FEE8,32.892,15.259,6,1949,1
14:02:42,A81B6A77FEE8,32.983,15.253,6,1949,1
14:02:47,A81B6A77FEE8,32.953,15.253,6,1949,1
14:02:52,A81B6A77FEE8,32.933,15.253,6,1949,1
14:02:57,A81B6A77FEE8,32.933,15.35,6,1949,1
14:03:03,A81B6A77FEE8,32.882,15.259,6,1950,1
14:03:08,A81B6A77FEE8,32.963,15.253,6,1951,1
14:03:13,A81B6A77FEE8,32.933,15.253,6,1951,1
14:03:18,A81B6A77FEE8,32.842,15.259,6,1951,1
14:03:23,A81B6A77FEE8,32.933,15.253,6,1951,1
14:03:28,A81B6A77FEE8,32.802,15.259,6,1950,1
14:03:33,A81B6A77FEE8,32.923,15.259,6,1950,1
14:03:39,A81B6A77FEE8,32.953,15.253,6,1948,1
14:03:44,A81B6A77FEE8,32.963,15.253,6,1948,1
14:03:49,A81B6A77FEE8,32.953,15.253,6,1950,1
14:03:54,A81B6A77FEE8,32.923,15.356,6,1950,1
14:03:59,A81B6A77FEE8,32.963,15.253,6,1949,1
14:04:04,A81B6A77FEE8,32.983,15.253,6,1947,1
14:04:09,A81B6A77FEE8,32.882,15.259,6,1948,1
14:04:15,A81B6A77FEE8,32.892,15.259,6,1948,1
14:04:20,A81B6A77FEE8,32.892,15.259,6,1948,1
14:04:25,A81B6A77FEE8,32.802,15.259,6,1948,1
14:04:30,A81B6A77FEE8,32.892,15.259,6,1948,1
14:04:35,A81B6A77FEE8,32.963,15.253,6,1948,1
14:04:40,A81B6A77FEE8,32.923,15.259,6,1947,1
14:04:45,A81B6A77FEE8,32.923,15.259,6,1947,1
14:04:51,A81B6A77FEE8,32.923,15.259,6,1947,1
14:04:56,A81B6A77FEE8,32.933,15.253,6,1946,1
14:05:01,A81B6A77FEE8,32.862,15.259,6,1947,1
14:05:06,A81B6A77FEE8,32.983,15.253,6,1946,1
14:05:11,A81B6A77FEE8,32.923,15.259,6,1946,1
14:05:16,A81B6A77FEE8,32.953,15.253,6,1946,1
14:05:21,A81B6A77FEE8,32.923,15.259,6,1946,1
14:05:26,A81B6A77FEE8,33.013,15.253,6,1945,1
14:05:32,A81B6A77FEE8,32.923,15.259,6,1945,1
14:05:37,A81B6A77FEE8,32.892,15.259,6,1945,1
14:05:42,A81B6A77FEE8,32.923,15.259,6,1945,1
14:05:47,A81B6A77FEE8,32.882,15.259,6,1944,1
14:05:52,A81B6A77FEE8,33.033,15.253,6,1944,1
14:05:57,A81B6A77FEE8,32.953,15.253,6,1943,1
14:06:02,A81B6A77FEE8,32.933,15.253,6,1943,1
14:06:08,A81B6A77FEE8,32.882,15.259,6,1941,1
14:06:13,A81B6A77FEE8,32.993,15.253,6,1943,1
14:06:18,A81B6A77FEE8,32.933,15.253,6,1942,1
14:06:23,A81B6A77FEE8,32.913,15.259,6,1942,1
14:06:28,A81B6A77FEE8,32.963,15.253,6,1942,1
14:06:33,A81B6A77FEE8,32.933,15.253,6,1941,1
14:06:38,A81B6A77FEE8,32.933,15.253,6,1941,1
14:06:44,A81B6A77FEE8,32.993,15.253,6,1941,1
14:06:49,A81B6A77FEE8,32.852,15.259,6,1940,1
14:06:54,A81B6A77FEE8,32.913,15.259,6,1940,1
14:06:59,A81B6A77FEE8,32.953,15.253,6,1940,1
14:07:04,A81B6A77FEE8,32.862,15.259,6,1940,1
14:07:09,A81B6A77FEE8,32.933,15.253,6,1939,1
14:07:14,A81B6A77FEE8,32.892,15.259,6,1939,1
14:07:19,A81B6A77FEE8,32.993,15.253,6,1938,1
14:07:25,A81B6A77FEE8,32.913,15.259,6,1938,1
14:07:30,A81B6A77FEE8,32.892,15.259,6,1937,1
14:07:35,A81B6A77FEE8,32.882,15.259,6,1937,1
14:07:40,A81B6A77FEE8,32.913,15.259,6,1936,1
14:07:45,A81B6A77FEE8,32.852,15.259,6,1934,1
14:07:50,A81B6A77FEE8,32.913,15.259,6,1933,1
14:07:55,A81B6A77FEE8,32.933,15.253,6,1933,1
14:08:01,A81B6A77FEE8,32.923,15.356,6,1932,1
14:08:06,A81B6A77FEE8,32.913,15.259,6,1932,1
14:08:11,A81B6A77FEE8,32.892,15.259,6,1932,1
14:08:16,A81B6A77FEE8,32.983,15.253,6,1932,1
14:08:21,A81B6A77FEE8,32.933,15.253,6,1932,1
14:08:26,A81B6A77FEE8,32.933,15.253,6,1931,1
14:08:31,A81B6A77FEE8,32.963,15.253,6,1931,1
14:08:37,A81B6A77FEE8,32.852,15.259,6,1930,1
14:08:42,A81B6A77FEE8,32.933,15.253,6,1930,1
14:08:47,A81B6A77FEE8,32.852,15.259,6,1929,1
14:08:52,A81B6A77FEE8,32.923,15.259,6,1929,1
14:08:57,A81B6A77FEE8,32.862,15.259,6,1929,1
14:09:02,A81B6A77FEE8,32.913,15.259,6,1929,1
14:09:07,A81B6A77FEE8,32.842,15.259,6,1927,1
14:09:12,A81B6A77FEE8,32.923,15.259,6,1928,1
14:09:18,A81B6A77FEE8,32.993,15.253,6,1930,1
14:09:23,A81B6A77FEE8,32.913,15.259,6,1930,1
14:09:28,A81B6A77FEE8,32.953,15.253,6,1929,1
14:09:33,A81B6A77FEE8,32.913,15.259,6,1929,1
14:09:38,A81B6A77FEE8,32.983,15.253,6,1928,1
14:09:43,A81B6A77FEE8,32.862,15.259,6,1928,1
14:09:48,A81B6A77FEE8,32.953,15.253,6,1926,1
14:09:54,A81B6A77FEE8,32.923,15.259,6,1928,1
14:09:59,A81B6A77FEE8,32.963,15.253,6,1927,1
14:10:04,A81B6A77FEE8,32.862,15.259,6,1925,1
14:10:09,A81B6A77FEE8,32.963,15.253,6,1925,1
14:10:14,A81B6A77FEE8,32.862,15.259,6,1926,1
14:10:19,A81B6A77FEE8,32.933,15.253,6,1926,1
14:10:24,A81B6A77FEE8,32.862,15.259,6,1925,1
14:10:29,A81B6A77FEE8,32.882,15.259,6,1925,1
14:10:35,A81B6A77FEE8,32.923,15.259,6,1925,1
14:10:40,A81B6A77FEE8,32.882,15.161,6,1925,1
14:10:45,A81B6A77FEE8,32.953,15.253,6,1922,1
14:10:50,A81B6A77FEE8,32.892,15.259,6,1924,1
14:10:55,A81B6A77FEE8,32.983,15.253,6,1924,1
14:11:00,A81B6A77FEE8,32.923,15.259,6,1924,1
14:11:05,A81B6A77FEE8,32.923,15.259,6,1923,1
14:11:11,A81B6A77FEE8,32.963,15.253,6,1923,1
14:11:16,A81B6A77FEE8,32.933,15.253,6,1921,1
14:11:21,A81B6A77FEE8,33.033,15.253,6,1923,1
14:11:26,A81B6A77FEE8,32.923,15.259,6,1922,1
14:11:31,A81B6A77FEE8,32.963,15.253,6,1922,1
14:11:36,A81B6A77FEE8,32.963,15.253,6,1921,1
14:11:41,A81B6A77FEE8,32.963,15.253,6,1921,1
14:11:47,A81B6A77FEE8,32.923,15.259,6,1921,1
14:11:52,A81B6A77FEE8,32.933,15.253,6,1920,1
14:11:57,A81B6A77FEE8,32.862,15.259,6,1920,1
14:12:02,A81B6A77FEE8,32.913,15.161,6,1920,1
14:12:07,A81B6A77FEE8,32.882,15.259,6,1919,1
14:12:12,A81B6A77FEE8,32.983,15.253,6,1919,1
14:12:17,A81B6A77FEE8,32.882,15.161,6,1919,1
14:12:23,A81B6A77FEE8,32.923,-1000,4095,1918,1
14:12:28,A81B6A77FEE8,32.983,15.253,6,1919,1
14:12:33,A81B6A77FEE8,32.933,15.253,6,1918,1
14:12:38,A81B6A77FEE8,32.882,15.259,6,1918,1
14:12:43,A81B6A77FEE8,32.933,15.253,6,1917,1
14:12:48,A81B6A77FEE8,32.953,15.155,6,1917,1
14:12:53,A81B6A77FEE8,32.953,15.253,6,1917,1
14:12:58,A81B6A77FEE8,33.013,15.253,6,1916,1
14:13:04,A81B6A77FEE8,32.923,15.259,6,1916,1
14:13:09,A81B6A77FEE8,32.933,15.253,6,1914,1
14:13:14,A81B6A77FEE8,32.953,15.253,6,1913,1
14:13:19,A81B6A77FEE8,32.892,15.161,6,1912,1
14:13:24,A81B6A77FEE8,32.842,15.161,6,1909,1
14:13:29,A81B6A77FEE8,32.913,15.259,6,1903,1
14:13:34,A81B6A77FEE8,32.953,15.253,6,1896,1
14:13:40,A81B6A77FEE8,32.963,15.253,6,1887,1
14:13:45,A81B6A77FEE8,32.923,15.259,6,1877,1
14:13:50,A81B6A77FEE8,32.983,15.155,6,1866,1
14:13:55,A81B6A77FEE8,32.923,15.259,6,1856,1
14:14:00,A81B6A77FEE8,32.963,15.253,6,1849,1
14:14:05,A81B6A77FEE8,32.983,15.155,6,1844,1
14:14:10,A81B6A77FEE8,32.913,15.259,6,1840,1
14:14:16,A81B6A77FEE8,32.933,15.253,6,1837,1
14:14:21,A81B6A77FEE8,32.913,15.259,6,1833,1
14:14:26,A81B6A77FEE8,32.923,15.259,6,1833,1
14:14:31,A81B6A77FEE8,32.933,15.155,6,1828,1
14:14:36,A81B6A77FEE8,32.923,15.161,6,1825,1
14:14:41,A81B6A77FEE8,32.882,15.161,6,1813,1
14:14:46,A81B6A77FEE8,32.953,15.253,6,1808,1
14:14:51,A81B6A77FEE8,32.892,15.161,6,1805,1
14:14:57,A81B6A77FEE8,32.862,15.259,6,1798,1
14:15:02,A81B6A77FEE8,32.963,15.253,6,1794,1
14:15:07,A81B6A77FEE8,32.963,15.155,6,1789,1
14:15:12,A81B6A77FEE8,32.882,15.259,6,1788,1
14:15:17,A81B6A77FEE8,32.923,15.259,6,1784,1
14:15:22,A81B6A77FEE8,32.852,15.259,6,1779,1
14:15:27,A81B6A77FEE8,32.933,15.253,6,1776,1
14:15:33,A81B6A77FEE8,32.913,15.161,6,1773,1
14:15:38,A81B6A77FEE8,32.913,15.259,6,6,1
14:15:43,A81B6A77FEE8,32.993,15.155,6,1761,1
14:15:48,A81B6A77FEE8,32.933,15.253,6,1754,1
14:15:53,A81B6A77FEE8,32.923,15.259,6,1752,1
14:15:58,A81B6A77FEE8,32.963,15.253,6,1747,1
14:16:03,A81B6A77FEE8,33.013,15.155,6,1744,1
14:16:09,A81B6A77FEE8,32.993,15.155,6,1740,1
14:16:14,A81B6A77FEE8,32.963,15.253,6,1736,1
14:16:19,A81B6A77FEE8,32.923,15.161,6,1738,1
14:16:24,A81B6A77FEE8,32.953,15.253,6,1737,1
14:16:29,A81B6A77FEE8,32.882,15.259,6,1736,1
14:16:34,A81B6A77FEE8,32.882,15.259,6,1734,1
14:16:39,A81B6A77FEE8,32.953,15.155,6,1728,1
14:16:44,A81B6A77FEE8,32.913,15.259,6,1725,1
14:16:50,A81B6A77FEE8,32.882,15.161,6,1726,1
14:16:55,A81B6A77FEE8,32.963,15.155,6,1725,1
14:17:00,A81B6A77FEE8,32.983,15.253,6,1725,1
14:17:05,A81B6A77FEE8,32.913,15.161,6,1721,1
14:17:10,A81B6A77FEE8,32.933,15.253,6,1723,1
14:17:15,A81B6A77FEE8,33.013,15.253,6,1721,1
14:17:20,A81B6A77FEE8,32.953,15.155,6,1720,1
14:17:26,A81B6A77FEE8,32.923,15.161,6,1720,1
14:17:31,A81B6A77FEE8,32.913,15.161,6,1716,1
14:17:36,A81B6A77FEE8,32.862,15.259,6,1712,1
14:17:41,A81B6A77FEE8,32.983,15.155,6,1712,1
14:17:46,A81B6A77FEE8,32.953,15.253,6,1707,1
14:17:51,A81B6A77FEE8,32.933,15.253,6,1701,1
14:17:56,A81B6A77FEE8,32.953,15.253,6,1701,1
14:18:02,A81B6A77FEE8,32.933,15.155,1312,1699,1
14:18:07,A81B6A77FEE8,32.933,15.155,6,1697,1
14:18:12,A81B6A77FEE8,32.923,15.161,6,1693,1
14:18:17,A81B6A77FEE8,32.923,15.161,6,1687,1
14:18:22,A81B6A77FEE8,32.892,15.259,6,1685,1
14:18:27,A81B6A77FEE8,32.892,15.161,6,1682,1
14:18:32,A81B6A77FEE8,32.882,15.161,6,1680,1
14:18:37,A81B6A77FEE8,32.963,15.155,6,1680,1
14:18:43,A81B6A77FEE8,32.933,15.253,6,1677,1
14:18:48,A81B6A77FEE8,32.862,15.259,6,1678,1
14:18:53,A81B6A77FEE8,32.923,15.161,6,1674,1
14:18:58,A81B6A77FEE8,32.913,15.161,6,1665,1
14:19:03,A81B6A77FEE8,32.983,15.155,6,1665,1
14:19:08,A81B6A77FEE8,33.013,15.155,6,1670,1
14:19:13,A81B6A77FEE8,32.963,15.155,6,1671,1
14:19:19,A81B6A77FEE8,32.953,15.155,6,1673,1
14:19:24,A81B6A77FEE8,32.963,15.253,6,1678,1
14:19:29,A81B6A77FEE8,32.963,15.253,6,1682,1
14:19:34,A81B6A77FEE8,32.963,15.155,6,1680,1
14:19:39,A81B6A77FEE8,32.983,15.155,6,1676,1
14:19:44,A81B6A77FEE8,32.963,15.155,6,1671,1
14:19:49,A81B6A77FEE8,32.913,15.161,6,1667,1
14:19:55,A81B6A77FEE8,32.913,15.161,6,1661,1
14:20:00,A81B6A77FEE8,32.963,15.155,6,1658,1
14:20:05,A81B6A77FEE8,32.923,15.259,6,1655,1
14:20:10,A81B6A77FEE8,32.913,15.161,6,1653,1
14:20:15,A81B6A77FEE8,32.963,15.155,6,1647,1
14:20:20,A81B6A77FEE8,32.882,15.259,6,1644,1
14:20:25,A81B6A77FEE8,32.983,15.155,6,1643,1
14:20:31,A81B6A77FEE8,32.963,15.155,6,1640,1
14:20:36,A81B6A77FEE8,32.963,15.253,6,1637,1
14:20:41,A81B6A77FEE8,32.852,15.161,6,1635,1
14:20:46,A81B6A77FEE8,32.953,15.155,6,1634,1
14:20:51,A81B6A77FEE8,32.923,15.161,6,1633,1
14:20:56,A81B6A77FEE8,32.953,15.155,6,1636,1
14:21:01,A81B6A77FEE8,32.923,15.161,6,1639,1
14:21:06,A81B6A77FEE8,32.953,15.155,6,1640,1
14:21:12,A81B6A77FEE8,32.913,15.161,6,1640,1
14:21:17,A81B6A77FEE8,32.993,15.253,6,1639,1
14:21:22,A81B6A77FEE8,32.892,15.161,6,1638,1
14:21:27,A81B6A77FEE8,32.933,15.155,6,1636,1
14:21:32,A81B6A77FEE8,32.913,15.259,6,1637,1
14:21:37,A81B6A77FEE8,32.953,15.253,6,1636,1
14:21:42,A81B6A77FEE8,32.953,15.253,6,1634,1
14:21:48,A81B6A77FEE8,32.983,15.155,6,1631,1
14:21:53,A81B6A77FEE8,32.923,15.161,6,1632,1
14:21:58,A81B6A77FEE8,32.892,15.161,6,1635,1
14:22:03,A81B6A77FEE8,32.913,15.161,6,1636,1
14:22:08,A81B6A77FEE8,32.933,15.155,6,1633,1
14:22:13,A81B6A77FEE8,32.923,15.161,6,1631,1
14:22:18,A81B6A77FEE8,32.983,15.155,6,1629,1
14:22:24,A81B6A77FEE8,32.953,15.155,6,1630,1
14:22:29,A81B6A77FEE8,32.993,15.155,6,1628,1
14:22:34,A81B6A77FEE8,32.913,15.161,6,1631,1
14:22:39,A81B6A77FEE8,32.923,15.161,6,1631,1
14:22:44,A81B6A77FEE8,32.933,15.155,6,1629,1
14:22:49,A81B6A77FEE8,32.953,15.155,6,1628,1
14:22:54,A81B6A77FEE8,32.933,15.155,6,1630,1
14:22:59,A81B6A77FEE8,32.892,15.161,6,1634,1
14:23:05,A81B6A77FEE8,32.913,15.161,6,1636,1
14:23:10,A81B6A77FEE8,33.033,15.155,6,1631,1
14:23:15,A81B6A77FEE8,32.913,15.161,6,1625,1
14:23:20,A81B6A77FEE8,32.933,15.155,6,1618,1
14:23:25,A81B6A77FEE8,32.862,15.161,6,1619,1
14:23:30,A81B6A77FEE8,32.892,15.259,1312,1619,1
14:23:35,A81B6A77FEE8,32.892,15.161,6,1624,1
14:23:41,A81B6A77FEE8,32.953,15.155,6,1628,1
14:23:46,A81B6A77FEE8,32.933,15.155,1312,1635,1
14:23:51,A81B6A77FEE8,32.862,15.161,6,1632,1
14:23:56,A81B6A77FEE8,33.013,15.155,6,1630,1
14:24:01,A81B6A77FEE8,32.892,15.161,6,1625,1
14:24:06,A81B6A77FEE8,32.913,15.161,6,1621,1
14:24:11,A81B6A77FEE8,32.923,15.161,6,1623,1
14:24:17,A81B6A77FEE8,32.882,15.161,6,1625,1
14:24:22,A81B6A77FEE8,32.862,15.161,6,1626,1
14:24:27,A81B6A77FEE8,32.933,15.155,6,1624,1
14:24:32,A81B6A77FEE8,32.892,15.161,6,1615,1
14:24:37,A81B6A77FEE8,32.963,15.155,6,1613,1
14:24:42,A81B6A77FEE8,32.913,15.161,6,1614,1
14:24:47,A81B6A77FEE8,32.963,15.155,6,1612,1
14:24:52,A81B6A77FEE8,32.913,15.161,6,1613,1
14:24:58,A81B6A77FEE8,32.913,15.259,6,1614,1
14:25:03,A81B6A77FEE8,32.862,15.161,6,1614,1
14:25:08,A81B6A77FEE8,32.923,15.259,6,1618,1
14:25:13,A81B6A77FEE8,32.933,15.155,6,1623,1
14:25:18,A81B6A77FEE8,32.862,15.161,6,1624,1
14:25:23,A81B6A77FEE8,32.963,15.155,6,1622,1
14:25:28,A81B6A77FEE8,32.882,15.161,6,1621,1
14:25:34,A81B6A77FEE8,32.882,15.259,6,1624,1
14:25:39,A81B6A77FEE8,32.882,15.259,6,1628,1
14:25:44,A81B6A77FEE8,32.953,15.155,6,1627,1
14:25:49,A81B6A77FEE8,32.953,15.253,6,1631,1
14:25:54,A81B6A77FEE8,32.882,15.161,6,1632,1
14:25:59,A81B6A77FEE8,32.852,15.161,6,1630,1
14:26:04,A81B6A77FEE8,32.923,15.161,6,1628,1
14:26:10,A81B6A77FEE8,32.913,15.259,6,1628,1
14:26:15,A81B6A77FEE8,32.862,15.161,6,1629,1
14:26:20,A81B6A77FEE8,32.963,15.155,6,1630,1
14:26:25,A81B6A77FEE8,32.913,15.259,6,1631,1
14:26:30,A81B6A77FEE8,32.892,15.259,6,1628,1
14:26:35,A81B6A77FEE8,32.933,15.155,6,1625,1
14:26:40,A81B6A77FEE8,32.953,15.155,6,1624,1
14:26:46,A81B6A77FEE8,32.923,15.161,6,1625,1
14:26:51,A81B6A77FEE8,32.862,15.161,6,1626,1
14:26:56,A81B6A77FEE8,32.913,15.161,6,1625,1
14:27:01,A81B6A77FEE8,32.963,15.155,6,1623,1
14:27:06,A81B6A77FEE8,32.882,15.259,6,1620,1
14:27:11,A81B6A77FEE8,32.882,15.259,6,1620,1
14:27:16,A81B6A77FEE8,32.933,15.155,6,1620,1
14:27:21,A81B6A77FEE8,32.963,15.253,6,1631,1
14:27:27,A81B6A77FEE8,32.862,15.161,6,1621,1
14:27:32,A81B6A77FEE8,32.933,15.155,6,1619,1
14:27:37,A81B6A77FEE8,32.882,15.259,6,1619,1
14:27:42,A81B6A77FEE8,32.983,15.253,6,1615,1
14:27:47,A81B6A77FEE8,32.913,15.259,6,1612,1
14:27:52,A81B6A77FEE8,32.923,15.259,6,1614,1
14:27:57,A81B6A77FEE8,32.963,15.155,6,1613,1
14:28:03,A81B6A77FEE8,32.892,15.259,6,1610,1
14:28:08,A81B6A77FEE8,32.892,15.161,6,1606,1
14:28:13,A81B6A77FEE8,32.852,15.161,6,1601,1
14:28:18,A81B6A77FEE8,32.913,15.161,6,1600,1
14:28:23,A81B6A77FEE8,32.882,15.161,6,1601,1
14:28:28,A81B6A77FEE8,32.862,15.161,6,1603,1
14:28:33,A81B6A77FEE8,32.882,15.259,6,1610,1
14:28:38,A81B6A77FEE8,32.933,15.155,6,1609,1
14:28:44,A81B6A77FEE8,32.913,15.161,6,1606,1
14:28:49,A81B6A77FEE8,32.913,15.259,6,1609,1
14:28:54,A81B6A77FEE8,32.892,15.259,6,1608,1
14:28:59,A81B6A77FEE8,32.892,15.161,6,1610,1
14:29:04,A81B6A77FEE8,32.923,15.161,6,1615,1
14:29:09,A81B6A77FEE8,32.892,15.259,6,1614,1
14:29:14,A81B6A77FEE8,32.892,15.161,6,1608,1
14:29:20,A81B6A77FEE8,32.862,15.259,6,1606,1
14:29:25,A81B6A77FEE8,32.923,15.161,6,1606,1
14:29:30,A81B6A77FEE8,32.882,15.259,6,1605,1
14:29:35,A81B6A77FEE8,32.933,15.253,6,1605,1
14:29:40,A81B6A77FEE8,32.913,15.259,6,1601,1
14:29:45,A81B6A77FEE8,32.852,15.259,6,1599,1
14:29:50,A81B6A77FEE8,32.882,15.161,6,1600,1
14:29:56,A81B6A77FEE8,32.852,15.161,6,1598,1
14:30:01,A81B6A77FEE8,32.882,15.161,6,1596,1
14:30:06,A81B6A77FEE8,32.882,15.161,6,1596,1
14:30:11,A81B6A77FEE8,32.882,15.259,6,1594,1
14:30:16,A81B6A77FEE8,32.772,15.161,6,1594,1
14:30:21,A81B6A77FEE8,32.842,15.161,6,1596,1
14:30:26,A81B6A77FEE8,32.923,15.161,6,1595,1
14:30:31,A81B6A77FEE8,32.882,15.259,6,1598,1
14:30:37,A81B6A77FEE8,32.882,15.259,6,1602,1
14:30:42,A81B6A77FEE8,32.882,15.259,6,1603,1
14:30:47,A81B6A77FEE8,32.913,15.259,6,1602,1
14:30:52,A81B6A77FEE8,32.852,15.161,6,1602,1
14:30:57,A81B6A77FEE8,32.862,15.259,6,1598,1
14:31:02,A81B6A77FEE8,32.923,15.161,6,1599,1
14:31:07,A81B6A77FEE8,32.862,15.259,6,1604,1
14:31:13,A81B6A77FEE8,32.852,15.259,6,1607,1
14:31:18,A81B6A77FEE8,32.862,15.259,6,1609,1
14:31:23,A81B6A77FEE8,32.882,15.161,6,1609,1
14:31:28,A81B6A77FEE8,32.852,15.259,6,1606,1
14:31:33,A81B6A77FEE8,32.923,15.259,6,1602,1
14:31:38,A81B6A77FEE8,32.812,15.161,6,1599,1
14:31:43,A81B6A77FEE8,32.892,15.161,6,1591,1
14:31:49,A81B6A77FEE8,32.882,15.161,6,1597,1
14:31:54,A81B6A77FEE8,32.862,15.259,6,1606,1
14:31:59,A81B6A77FEE8,32.983,15.155,6,1612,1
14:32:04,A81B6A77FEE8,32.933,15.244,6,1617,1
14:32:09,A81B6A77FEE8,32.913,15.259,6,1615,1
14:32:14,A81B6A77FEE8,32.892,15.259,6,1615,1
14:32:19,A81B6A77FEE8,32.923,15.259,6,1614,1
14:32:24,A81B6A77FEE8,32.892,15.259,6,1613,1
14:32:30,A81B6A77FEE8,32.842,15.161,6,1609,1
14:32:35,A81B6A77FEE8,32.953,15.155,6,1610,1
14:32:40,A81B6A77FEE8,32.892,15.259,6,1610,1
14:32:45,A81B6A77FEE8,32.892,15.161,6,1609,1
14:32:50,A81B6A77FEE8,32.862,15.161,6,1604,1
14:32:55,A81B6A77FEE8,32.933,15.253,6,1597,1
14:33:00,A81B6A77FEE8,32.913,15.259,6,1595,1
14:33:06,A81B6A77FEE8,32.862,15.259,6,1595,1
14:33:11,A81B6A77FEE8,32.953,15.253,6,1592,1
14:33:16,A81B6A77FEE8,32.842,15.259,6,1588,1
14:33:21,A81B6A77FEE8,32.862,15.259,6,1588,1
14:33:26,A81B6A77FEE8,32.963,15.155,6,1592,1
14:33:31,A81B6A77FEE8,32.953,15.253,6,1594,1
14:33:36,A81B6A77FEE8,32.913,15.161,6,1591,1
14:33:42,A81B6A77FEE8,32.862,15.259,6,1587,1
14:33:47,A81B6A77FEE8,32.933,15.155,6,1587,1
14:33:52,A81B6A77FEE8,32.913,15.259,6,1590,1
14:33:57,A81B6A77FEE8,32.913,15.161,6,1593,1
14:34:02,A81B6A77FEE8,32.892,15.259,6,1597,1
14:34:07,A81B6A77FEE8,32.892,15.259,6,1602,1
14:34:12,A81B6A77FEE8,32.852,15.259,6,1602,1
14:34:17,A81B6A77FEE8,32.913,15.259,6,1599,1
14:34:23,A81B6A77FEE8,32.923,15.259,6,1603,1
14:34:28,A81B6A77FEE8,32.862,15.259,6,1602,1
14:34:33,A81B6A77FEE8,32.882,15.161,6,1599,1
14:34:38,A81B6A77FEE8,32.923,15.161,6,1603,1
14:34:43,A81B6A77FEE8,32.882,15.161,6,1606,1
14:34:48,A81B6A77FEE8,32.913,15.259,6,1607,1
14:34:53,A81B6A77FEE8,32.892,15.161,6,1605,1
14:34:59,A81B6A77FEE8,32.913,15.161,6,1601,1
14:35:04,A81B6A77FEE8,32.892,15.259,6,1602,1
14:35:09,A81B6A77FEE8,32.913,15.161,6,1604,1
14:35:14,A81B6A77FEE8,32.852,15.259,6,1606,1
14:35:19,A81B6A77FEE8,32.892,15.161,6,1608,1
14:35:24,A81B6A77FEE8,32.923,15.161,6,1612,1
14:35:29,A81B6A77FEE8,32.923,15.161,6,1614,1
14:35:35,A81B6A77FEE8,32.842,15.259,6,1614,1
14:35:40,A81B6A77FEE8,32.923,15.161,6,1609,1
14:35:45,A81B6A77FEE8,32.892,15.161,6,1603,1
14:35:50,A81B6A77FEE8,32.882,15.161,6,1601,1
14:35:55,A81B6A77FEE8,32.933,15.155,6,1600,1
14:36:00,A81B6A77FEE8,32.933,15.253,6,1601,1
14:36:05,A81B6A77FEE8,32.802,15.161,6,1602,1
14:36:11,A81B6A77FEE8,32.933,15.155,6,1603,1
14:36:16,A81B6A77FEE8,32.892,15.259,6,1608,1
14:36:21,A81B6A77FEE8,32.852,15.259,6,1612,1
14:36:26,A81B6A77FEE8,32.862,15.161,6,1612,1
14:36:31,A81B6A77FEE8,32.882,15.161,6,1610,1
14:36:36,A81B6A77FEE8,32.882,15.259,6,1610,1
14:36:41,A81B6A77FEE8,32.892,15.161,6,1611,1
14:36:46,A81B6A77FEE8,-1000,15.259,6,1607,1
14:36:52,A81B6A77FEE8,32.83,15.161,6,1605,1
14:36:57,A81B6A77FEE8,33.013,15.253,6,1603,1
14:37:02,A81B6A77FEE8,32.923,15.161,6,1596,1
14:37:07,A81B6A77FEE8,32.913,15.161,6,1593,1
14:37:12,A81B6A77FEE8,32.983,15.253,6,1594,1
14:37:17,A81B6A77FEE8,32.913,15.259,6,1595,1
14:37:22,A81B6A77FEE8,32.953,15.155,6,1599,1
14:37:28,A81B6A77FEE8,32.933,15.155,6,1597,1
14:37:33,A81B6A77FEE8,32.913,15.259,6,1594,1
14:37:38,A81B6A77FEE8,32.953,15.155,6,1591,1
14:37:43,A81B6A77FEE8,32.953,15.253,6,1588,1
14:37:48,A81B6A77FEE8,32.812,15.259,6,1588,1
14:37:53,A81B6A77FEE8,32.862,15.259,6,1589,1
14:37:58,A81B6A77FEE8,32.923,15.161,6,1590,1
14:38:04,A81B6A77FEE8,32.953,15.253,6,1590,1
14:38:09,A81B6A77FEE8,32.983,15.253,6,1587,1
14:38:14,A81B6A77FEE8,32.862,15.161,6,1592,1
14:38:19,A81B6A77FEE8,32.882,15.161,6,1593,1
14:38:24,A81B6A77FEE8,32.923,15.259,6,1592,1
14:38:29,A81B6A77FEE8,32.882,15.161,6,1594,1
14:38:34,A81B6A77FEE8,32.892,15.259,6,1593,1
14:38:39,A81B6A77FEE8,32.913,15.161,6,1592,1
14:38:45,A81B6A77FEE8,32.933,15.253,6,1591,1
14:38:50,A81B6A77FEE8,32.913,15.259,6,1586,1
14:38:55,A81B6A77FEE8,32.913,15.161,6,1585,1
14:39:00,A81B6A77FEE8,32.892,15.161,6,1587,1
14:39:05,A81B6A77FEE8,32.953,15.253,6,4095,1
14:39:10,A81B6A77FEE8,32.913,15.259,6,1120,1
14:39:15,A81B6A77FEE8,32.983,15.155,6,1587,1
14:39:21,A81B6A77FEE8,32.862,15.259,6,1590,1
14:39:26,A81B6A77FEE8,32.913,15.161,6,1594,1
14:39:31,A81B6A77FEE8,32.923,15.161,6,1598,1
14:39:36,A81B6A77FEE8,32.923,15.161,6,1601,1
14:39:41,A81B6A77FEE8,32.933,15.253,6,1602,1
14:39:46,A81B6A77FEE8,32.882,15.161,6,1606,1
14:39:51,A81B6A77FEE8,32.882,15.161,6,1607,1
14:39:57,A81B6A77FEE8,32.983,15.253,6,1608,1
14:40:02,A81B6A77FEE8,32.882,15.259,6,1605,1
14:40:07,A81B6A77FEE8,32.852,15.259,6,1602,1
14:40:12,A81B6A77FEE8,32.913,15.259,6,1601,1
14:40:17,A81B6A77FEE8,32.913,15.161,6,1597,1
14:40:22,A81B6A77FEE8,32.882,15.259,6,1593,1
14:40:27,A81B6A77FEE8,32.892,15.161,6,1593,1
14:40:32,A81B6A77FEE8,32.933,15.253,6,1599,1
14:40:38,A81B6A77FEE8,32.862,15.161,6,1597,1
14:40:43,A81B6A77FEE8,32.923,15.259,6,1599,1
14:40:48,A81B6A77FEE8,32.933,15.155,6,1602,1
14:40:53,A81B6A77FEE8,32.983,15.155,6,1608,1
14:40:58,A81B6A77FEE8,32.862,15.259,6,1608,1
14:41:03,A81B6A77FEE8,32.963,15.253,6,1605,1
14:41:08,A81B6A77FEE8,32.923,15.161,6,1604,1
14:41:14,A81B6A77FEE8,32.963,15.155,6,1607,1
14:41:19,A81B6A77FEE8,32.913,15.259,6,1611,1
14:41:24,A81B6A77FEE8,32.983,15.253,6,4095,1
14:41:29,A81B6A77FEE8,32.933,15.253,6,1609,1
14:41:34,A81B6A77FEE8,32.933,15.253,6,1605,1
14:41:39,A81B6A77FEE8,32.933,15.155,6,1604,1
14:41:44,A81B6A77FEE8,32.933,15.253,6,1605,1
14:41:50,A81B6A77FEE8,32.913,15.161,6,1605,1
14:41:55,A81B6A77FEE8,32.913,15.259,6,1602,1
14:42:00,A81B6A77FEE8,32.892,15.161,6,1597,1
14:42:05,A81B6A77FEE8,32.963,15.253,6,1595,1
14:42:10,A81B6A77FEE8,32.953,15.253,6,1592,1
14:42:15,A81B6A77FEE8,32.842,15.259,6,1592,1
14:42:20,A81B6A77FEE8,32.862,15.259,6,1594,1
14:42:26,A81B6A77FEE8,32.913,15.259,6,1598,1
14:42:31,A81B6A77FEE8,32.892,15.259,6,1597,1
14:42:36,A81B6A77FEE8,32.892,15.259,6,1593,1
14:42:41,A81B6A77FEE8,32.983,15.155,6,1592,1
14:42:46,A81B6A77FEE8,32.953,15.155,6,1593,1
14:42:51,A81B6A77FEE8,32.983,15.253,6,1591,1
14:42:56,A81B6A77FEE8,32.983,15.253,6,1593,1
14:43:01,A81B6A77FEE8,32.923,15.161,6,1598,1
14:43:07,A81B6A77FEE8,32.913,15.161,6,1604,1
14:43:12,A81B6A77FEE8,32.993,15.253,6,1611,1
14:43:17,A81B6A77FEE8,32.993,15.155,6,1618,1
14:43:22,A81B6A77FEE8,32.963,15.155,6,1629,1
14:43:27,A81B6A77FEE8,32.963,15.253,6,1638,1
14:43:32,A81B6A77FEE8,32.923,15.259,6,1647,1
14:43:37,A81B6A77FEE8,32.953,15.253,6,1658,1
14:43:43,A81B6A77FEE8,32.842,15.259,6,1667,1
14:43:48,A81B6A77FEE8,32.862,15.161,6,1676,1
14:43:53,A81B6A77FEE8,32.923,15.259,6,1685,1
14:43:58,A81B6A77FEE8,32.923,15.259,6,1695,1
14:44:03,A81B6A77FEE8,32.933,15.155,6,1702,1
14:44:08,A81B6A77FEE8,32.983,15.155,6,1709,1
14:44:13,A81B6A77FEE8,32.963,15.155,6,1717,1
14:44:19,A81B6A77FEE8,32.852,15.259,6,1725,1
14:44:24,A81B6A77FEE8,33.013,15.155,6,1730,1
14:44:29,A81B6A77FEE8,32.953,15.155,6,1738,1
14:44:34,A81B6A77FEE8,32.933,15.155,6,1746,1
14:44:39,A81B6A77FEE8,32.923,15.161,6,1750,1
14:44:44,A81B6A77FEE8,32.923,15.161,6,6,1
14:44:49,A81B6A77FEE8,32.913,15.161,6,1761,1
14:44:54,A81B6A77FEE8,32.882,15.161,6,1766,1
14:45:00,A81B6A77FEE8,32.933,15.155,6,1772,1
14:45:05,A81B6A77FEE8,32.993,15.155,6,1777,1
14:45:10,A81B6A77FEE8,32.963,15.155,6,1782,1
14:45:15,A81B6A77FEE8,32.933,15.155,6,1785,1
14:45:20,A81B6A77FEE8,32.923,15.161,6,1794,1
14:45:25,A81B6A77FEE8,32.913,15.259,6,1799,1
14:45:30,A81B6A77FEE8,32.963,15.155,1312,1804,1
14:45:36,A81B6A77FEE8,32.983,15.155,6,1808,1
14:45:41,A81B6A77FEE8,32.933,15.155,6,1812,1
14:45:46,A81B6A77FEE8,32.993,15.155,6,1819,1
14:45:51,A81B6A77FEE8,33.033,15.155,6,1823,1
14:45:56,A81B6A77FEE8,32.993,15.155,6,1827,1
14:46:01,A81B6A77FEE8,32.892,15.161,6,1830,1
14:46:06,A81B6A77FEE8,32.983,15.155,6,1833,1
14:46:12,A81B6A77FEE8,32.963,15.155,6,1836,1
14:46:17,A81B6A77FEE8,32.983,15.155,6,1838,1
14:46:22,A81B6A77FEE8,32.933,15.253,6,1841,1
14:46:27,A81B6A77FEE8,32.963,15.155,6,1843,1
14:46:32,A81B6A77FEE8,33.013,15.155,6,1846,1
14:46:37,A81B6A77FEE8,32.852,15.161,6,1849,1
14:46:42,A81B6A77FEE8,32.923,15.161,6,1852,1
14:46:48,A81B6A77FEE8,32.953,15.155,6,1852,1
14:46:53,A81B6A77FEE8,32.892,15.161,6,1856,1
14:46:58,A81B6A77FEE8,32.923,15.259,6,1862,1
14:47:03,A81B6A77FEE8,32.983,15.155,6,1865,1
14:47:08,A81B6A77FEE8,32.892,15.161,6,1867,1
14:47:13,A81B6A77FEE8,32.993,15.155,6,1869,1
14:47:18,A81B6A77FEE8,33.033,-1000,1868,1868,1
14:47:23,A81B6A77FEE8,32.933,15.155,6,1873,1
14:47:29,A81B6A77FEE8,32.983,15.155,6,1874,1
14:47:34,A81B6A77FEE8,32.993,15.155,6,1877,1
14:47:39,A81B6A77FEE8,32.913,15.161,6,1879,1
14:47:44,A81B6A77FEE8,32.993,15.155,6,1881,1
14:47:49,A81B6A77FEE8,32.953,15.155,6,1883,1
14:47:54,A81B6A77FEE8,32.963,15.155,6,1884,1
14:47:59,A81B6A77FEE8,32.882,15.161,6,1887,1
14:48:05,A81B6A77FEE8,32.923,15.161,6,1887,1
14:48:10,A81B6A77FEE8,33.013,15.253,6,1891,1
14:48:15,A81B6A77FEE8,32.913,15.161,6,1892,1
14:48:20,A81B6A77FEE8,32.933,15.155,6,1894,1
14:48:25,A81B6A77FEE8,32.983,15.155,6,1895,1
14:48:30,A81B6A77FEE8,-1000,15.155,6,1897,1
14:48:35,A81B6A77FEE8,32.923,15.161,6,1898,1
14:48:41,A81B6A77FEE8,32.993,15.155,6,1900,1
14:48:46,A81B6A77FEE8,32.983,15.057,6,1899,1
14:48:51,A81B6A77FEE8,32.983,15.155,6,1903,1
14:48:56,A81B6A77FEE8,32.963,15.155,6,1904,1
14:49:01,A81B6A77FEE8,33.013,15.155,6,1903,1
14:49:06,A81B6A77FEE8,33.033,15.155,6,1905,1
14:49:11,A81B6A77FEE8,32.913,15.161,6,1906,1
14:49:17,A81B6A77FEE8,32.983,15.155,6,1909,1
14:49:22,A81B6A77FEE8,32.913,15.161,6,1908,1
14:49:27,A81B6A77FEE8,33.074,15.155,6,1911,1
14:49:32,A81B6A77FEE8,32.963,15.155,6,1913,1
14:49:37,A81B6A77FEE8,33.033,15.155,6,1915,1
14:49:42,A81B6A77FEE8,32.983,15.057,6,1915,1
14:49:47,A81B6A77FEE8,33.064,15.057,6,1917,1
14:49:52,A81B6A77FEE8,33.033,15.155,6,1918,1
14:49:58,A81B6A77FEE8,33.104,15.155,6,1919,1
14:50:03,A81B6A77FEE8,32.993,15.155,6,1919,1
14:50:08,A81B6A77FEE8,33.114,15.155,6,1921,1
14:50:13,A81B6A77FEE8,33.114,15.155,6,1921,1
14:50:18,A81B6A77FEE8,33.144,15.057,6,1919,1
14:50:23,A81B6A77FEE8,33.134,15.057,6,1921,1
14:50:28,A81B6A77FEE8,33.154,15.057,6,1921,1
14:50:34,A81B6A77FEE8,33.144,15.057,6,1921,1
14:50:39,A81B6A77FEE8,33.084,15.057,6,1922,1
14:50:44,A81B6A77FEE8,33.134,15.057,6,1923,1
14:50:49,A81B6A77FEE8,33.154,15.057,6,1924,1
14:50:54,A81B6A77FEE8,33.144,15.057,6,1925,1
14:50:59,A81B6A77FEE8,33.225,15.051,6,1924,1
14:51:04,A81B6A77FEE8,33.195,15.057,6,1925,1
14:51:10,A81B6A77FEE8,33.174,15.057,6,1928,1
14:51:15,A81B6A77FEE8,33.104,15.057,6,1926,1
14:51:20,A81B6A77FEE8,33.154,15.057,6,1928,1
14:51:25,A81B6A77FEE8,33.195,14.96,6,1930,1
14:51:30,A81B6A77FEE8,33.174,14.96,6,1930,1
14:51:35,A81B6A77FEE8,33.195,14.96,6,1928,1
14:51:40,A81B6A77FEE8,33.235,15.051,6,1928,1
14:51:45,A81B6A77FEE8,33.255,15.051,6,1931,1
14:51:51,A81B6A77FEE8,33.205,14.954,6,1932,1
14:51:56,A81B6A77FEE8,33.235,14.954,6,1933,1
14:52:01,A81B6A77FEE8,33.235,14.954,6,1936,1
14:52:06,A81B6A77FEE8,33.386,14.954,6,1936,1
14:52:11,A81B6A77FEE8,33.225,14.954,6,1936,1
14:52:16,A81B6A77FEE8,33.326,14.954,6,1936,1
14:52:21,A81B6A77FEE8,33.255,14.954,6,1937,1
14:52:27,A81B6A77FEE8,33.295,14.954,6,1937,1
14:52:32,A81B6A77FEE8,33.265,14.954,6,1938,1
14:52:37,A81B6A77FEE8,33.326,14.954,6,1938,1
14:52:42,A81B6A77FEE8,33.195,14.96,1312,1936,1
14:52:47,A81B6A77FEE8,33.336,14.954,6,1939,1
14:52:52,A81B6A77FEE8,33.285,14.954,6,1939,1
14:52:57,A81B6A77FEE8,33.336,14.954,6,1940,1
14:53:03,A81B6A77FEE8,33.426,14.954,6,1939,1
14:53:08,A81B6A77FEE8,33.326,14.954,6,1939,1
14:53:13,A81B6A77FEE8,33.265,14.954,6,1939,1
14:53:18,A81B6A77FEE8,33.285,14.954,6,1939,1
14:53:23,A81B6A77FEE8,33.285,14.954,6,1939,1
14:53:28,A81B6A77FEE8,33.255,14.954,6,1939,1
14:53:33,A81B6A77FEE8,33.305,14.954,6,1939,1
14:53:38,A81B6A77FEE8,33.255,14.954,6,1938,1
14:53:44,A81B6A77FEE8,33.235,14.954,6,1938,1
14:53:49,A81B6A77FEE8,33.305,14.954,6,1938,1
14:53:54,A81B6A77FEE8,33.295,14.954,6,1938,1
14:53:59,A81B6A77FEE8,33.205,14.954,6,1938,1
14:54:04,A81B6A77FEE8,33.225,14.954,6,1938,1
14:54:09,A81B6A77FEE8,33.235,14.954,6,4095,1
14:54:14,A81B6A77FEE8,33.285,14.954,6,1937,1
14:54:20,A81B6A77FEE8,33.195,14.96,6,1935,1
14:54:25,A81B6A77FEE8,33.154,14.96,6,1936,1
14:54:30,A81B6A77FEE8,33.255,14.954,6,1936,1
14:54:35,A81B6A77FEE8,33.205,14.954,6,1936,1
14:54:40,A81B6A77FEE8,33.225,14.954,6,1936,1
14:54:45,A81B6A77FEE8,33.285,14.954,6,1936,1
14:54:50,A81B6A77FEE8,33.114,14.96,6,1935,1
14:54:56,A81B6A77FEE8,33.255,14.954,6,1934,1
14:55:01,A81B6A77FEE8,33.195,15.057,6,1935,1
14:55:06,A81B6A77FEE8,33.225,14.954,6,1935,1
14:55:11,A81B6A77FEE8,33.174,14.96,6,1934,1
14:55:16,A81B6A77FEE8,33.154,15.057,6,1934,1
14:55:21,A81B6A77FEE8,33.195,14.96,6,1934,1
14:55:26,A81B6A77FEE8,33.195,15.057,6,1934,1
14:55:32,A81B6A77FEE8,33.235,14.954,6,1932,1
14:55:37,A81B6A77FEE8,33.195,15.057,6,1933,1
14:55:42,A81B6A77FEE8,33.154,14.96,6,1933,1
14:55:47,A81B6A77FEE8,33.205,15.051,6,1932,1
14:55:52,A81B6A77FEE8,33.235,15.051,6,1931,1
14:55:57,A81B6A77FEE8,33.074,14.96,6,1932,1
14:56:02,A81B6A77FEE8,33.195,15.057,6,1932,1
14:56:07,A81B6A77FEE8,33.174,15.057,6,1932,1
14:56:13,A81B6A77FEE8,33.174,15.057,6,1929,1
14:56:18,A81B6A77FEE8,33.104,15.057,6,1930,1
14:56:23,A81B6A77FEE8,33.154,15.057,6,1928,1
14:56:28,A81B6A77FEE8,33.154,15.057,6,1928,1
14:56:33,A81B6A77FEE8,33.174,15.057,6,1927,1
14:56:38,A81B6A77FEE8,33.114,15.057,6,1925,1
14:56:43,A81B6A77FEE8,33.104,15.057,6,1927,1
14:56:49,A81B6A77FEE8,33.174,15.057,6,1926,1
14:56:54,A81B6A77FEE8,33.104,15.057,6,1926,1
14:56:59,A81B6A77FEE8,33.084,15.057,6,1924,1
14:57:04,A81B6A77FEE8,32.933,15.057,6,1926,1
14:57:09,A81B6A77FEE8,33.134,14.96,6,1925,1
14:57:14,A81B6A77FEE8,33.144,15.057,6,1925,1
14:57:19,A81B6A77FEE8,33.144,15.057,6,1925,1
14:57:25,A81B6A77FEE8,33.154,15.057,6,1925,1
14:57:30,A81B6A77FEE8,33.114,15.057,6,1925,1
14:57:35,A81B6A77FEE8,33.134,15.057,6,1924,1
14:57:40,A81B6A77FEE8,33.134,15.057,6,1924,1
14:57:45,A81B6A77FEE8,33.154,15.057,6,1927,1
14:57:50,A81B6A77FEE8,33.074,15.057,6,1927,1
14:57:55,A81B6A77FEE8,33.074,15.057,6,1926,1
14:58:01,A81B6A77FEE8,33.154,15.057,6,1926,1
14:58:06,A81B6A77FEE8,33.144,15.057,6,1925,1
14:58:11,A81B6A77FEE8,32.993,15.057,6,1925,1
14:58:16,A81B6A77FEE8,33.084,15.057,6,1925,1
14:58:21,A81B6A77FEE8,33.144,15.057,6,1925,1
14:58:26,A81B6A77FEE8,33.104,15.057,6,1924,1
14:58:31,A81B6A77FEE8,33.033,15.057,6,1924,1
14:58:37,A81B6A77FEE8,33.104,15.057,6,1921,1
14:58:42,A81B6A77FEE8,33.084,15.057,6,1923,1
14:58:47,A81B6A77FEE8,33.064,15.057,6,1923,1
14:58:52,A81B6A77FEE8,33.033,15.057,6,1922,1
14:58:57,A81B6A77FEE8,33.044,15.057,6,1922,1
14:59:02,A81B6A77FEE8,33.084,15.155,6,1921,1
14:59:07,A81B6A77FEE8,32.993,15.057,6,1921,1
14:59:12,A81B6A77FEE8,33.044,15.057,6,1921,1
14:59:18,A81B6A77FEE8,33.114,15.057,6,1921,1
14:59:23,A81B6A77FEE8,33.074,15.057,6,1921,1
14:59:28,A81B6A77FEE8,33.104,15.057,6,1921,1
14:59:33,A81B6A77FEE8,33.064,15.057,6,1918,1
14:59:38,A81B6A77FEE8,33.064,15.057,6,1920,1
14:59:43,A81B6A77FEE8,32.993,15.057,6,1920,1
14:59:48,A81B6A77FEE8,33.084,15.057,6,1919,1
14:59:54,A81B6A77FEE8,33.064,15.057,4095,6,1
14:59:59,A81B6A77FEE8,33.033,15.057,6,1917,1
15:00:04,A81B6A77FEE8,33.064,15.057,6,1917,1
15:00:09,A81B6A77FEE8,33.064,15.057,6,1918,1
15:00:14,A81B6A77FEE8,33.044,15.057,6,1918,1
15:00:19,A81B6A77FEE8,33.084,15.057,6,1916,1
15:00:24,A81B6A77FEE8,33.084,15.057,6,1916,1
15:00:30,A81B6A77FEE8,33.074,15.057,6,1917,1
15:00:35,A81B6A77FEE8,33.064,15.057,6,1918,1
15:00:40,A81B6A77FEE8,32.993,15.155,6,1916,1
15:00:45,A81B6A77FEE8,33.013,15.155,6,1915,1
15:00:50,A81B6A77FEE8,33.044,15.057,6,1917,1
15:00:55,A81B6A77FEE8,33.104,15.057,6,1916,1
15:01:00,A81B6A77FEE8,32.993,15.057,6,1914,1
15:01:06,A81B6A77FEE8,33.084,15.155,6,1916,1
15:01:11,A81B6A77FEE8,32.983,15.155,6,1915,1
15:01:16,A81B6A77FEE8,33.114,15.057,6,1914,1
15:01:21,A81B6A77FEE8,33.104,15.155,6,1915,1
15:01:26,A81B6A77FEE8,33.044,15.057,6,1915,1
15:01:31,A81B6A77FEE8,33.074,15.057,6,1914,1
15:01:36,A81B6A77FEE8,33.044,15.057,6,1915,1
15:01:41,A81B6A77FEE8,33.044,15.155,6,1914,1
15:01:47,A81B6A77FEE8,33.044,15.057,6,1913,1
15:01:52,A81B6A77FEE8,33.044,15.057,6,1913,1
15:01:57,A81B6A77FEE8,33.033,15.057,6,1913,1
15:02:02,A81B6A77FEE8,33.114,15.155,6,1912,1
15:02:07,A81B6A77FEE8,32.963,15.057,6,1912,1
15:02:12,A81B6A77FEE8,33.033,15.155,6,1909,1
15:02:17,A81B6A77FEE8,33.044,15.057,6,1909,1
15:02:23,A81B6A77FEE8,32.963,15.057,6,1908,1
15:02:28,A81B6A77FEE8,33.044,15.057,6,1908,1
15:02:33,A81B6A77FEE8,33.013,15.155,6,1908,1
15:02:38,A81B6A77FEE8,33.013,15.057,6,1908,1
15:02:43,A81B6A77FEE8,33.074,15.057,6,1907,1
